prolificId	participantIndex	sessionKey	sessionId	mode	startedAt	completedAt	terminatedReason	lastAutosaveAt	autosaveSeq	serverLastSavedAt	serverLastSaveOk	serverLastSaveError	flow_order	flow_source	flow_enable_math	instrument	score_type	name	value	detail
	2	8e8a8d6d-f224-2095-83d4-53412e0be0e6__trial	8e8a8d6d-f224-2095-83d4-53412e0be0e6	trial	2026-01-30T07:10:26.237Z			2026-02-04T04:48:37.932Z	3				mfq30,hexaco100,svo,ipip120,d70	default	true	hexaco100	facet_sum	Sincerity		{"factor":"Honesty-Humility","nItems":4,"items":[{"num":6,"id":"hexaco_006","reverseKeyed":true,"rawValue":null,"scoredValue":null},{"num":30,"id":"hexaco_030","reverseKeyed":false,"rawValue":null,"scoredValue":null},{"num":54,"id":"hexaco_054","reverseKeyed":true,"rawValue":null,"scoredValue":null},{"num":78,"id":"hexaco_078","reverseKeyed":false,"rawValue":null,"scoredValue":null}]}
	2	8e8a8d6d-f224-2095-83d4-53412e0be0e6__trial	8e8a8d6d-f224-2095-83d4-53412e0be0e6	trial	2026-01-30T07:10:26.237Z			2026-02-04T04:48:37.932Z	3				mfq30,hexaco100,svo,ipip120,d70	default	true	hexaco100	facet_mean	Sincerity		{"factor":"Honesty-Humility","sum":null,"nItems":4,"items":[{"num":6,"id":"hexaco_006","reverseKeyed":true,"rawValue":null,"scoredValue":null},{"num":30,"id":"hexaco_030","reverseKeyed":false,"rawValue":null,"scoredValue":null},{"num":54,"id":"hexaco_054","reverseKeyed":true,"rawValue":null,"scoredValue":null},{"num":78,"id":"hexaco_078","reverseKeyed":false,"rawValue":null,"scoredValue":null}]}
	2	8e8a8d6d-f224-2095-83d4-53412e0be0e6__trial	8e8a8d6d-f224-2095-83d4-53412e0be0e6	trial	2026-01-30T07:10:26.237Z			2026-02-04T04:48:37.932Z	3				mfq30,hexaco100,svo,ipip120,d70	default	true	hexaco100	facet_sum	Fairness		{"factor":"Honesty-Humility","nItems":4,"items":[{"num":12,"id":"hexaco_012","reverseKeyed":true,"rawValue":null,"scoredValue":null},{"num":36,"id":"hexaco_036","reverseKeyed":true,"rawValue":null,"scoredValue":null},{"num":60,"id":"hexaco_060","reverseKeyed":false,"rawValue":null,"scoredValue":null},{"num":84,"id":"hexaco_084","reverseKeyed":true,"rawValue":null,"scoredValue":null}]}
	2	8e8a8d6d-f224-2095-83d4-53412e0be0e6__trial	8e8a8d6d-f224-2095-83d4-53412e0be0e6	trial	2026-01-30T07:10:26.237Z			2026-02-04T04:48:37.932Z	3				mfq30,hexaco100,svo,ipip120,d70	default	true	hexaco100	facet_mean	Fairness		{"factor":"Honesty-Humility","sum":null,"nItems":4,"items":[{"num":12,"id":"hexaco_012","reverseKeyed":true,"rawValue":null,"scoredValue":null},{"num":36,"id":"hexaco_036","reverseKeyed":true,"rawValue":null,"scoredValue":null},{"num":60,"id":"hexaco_060","reverseKeyed":false,"rawValue":null,"scoredValue":null},{"num":84,"id":"hexaco_084","reverseKeyed":true,"rawValue":null,"scoredValue":null}]}
	2	8e8a8d6d-f224-2095-83d4-53412e0be0e6__trial	8e8a8d6d-f224-2095-83d4-53412e0be0e6	trial	2026-01-30T07:10:26.237Z			2026-02-04T04:48:37.932Z	3				mfq30,hexaco100,svo,ipip120,d70	default	true	hexaco100	facet_sum	Greed-Avoidance		{"factor":"Honesty-Humility","nItems":4,"items":[{"num":18,"id":"hexaco_018","reverseKeyed":false,"rawValue":null,"scoredValue":null},{"num":42,"id":"hexaco_042","reverseKeyed":true,"rawValue":null,"scoredValue":null},{"num":66,"id":"hexaco_066","reverseKeyed":true,"rawValue":null,"scoredValue":null},{"num":90,"id":"hexaco_090","reverseKeyed":true,"rawValue":null,"scoredValue":null}]}
	2	8e8a8d6d-f224-2095-83d4-53412e0be0e6__trial	8e8a8d6d-f224-2095-83d4-53412e0be0e6	trial	2026-01-30T07:10:26.237Z			2026-02-04T04:48:37.932Z	3				mfq30,hexaco100,svo,ipip120,d70	default	true	hexaco100	facet_mean	Greed-Avoidance		{"factor":"Honesty-Humility","sum":null,"nItems":4,"items":[{"num":18,"id":"hexaco_018","reverseKeyed":false,"rawValue":null,"scoredValue":null},{"num":42,"id":"hexaco_042","reverseKeyed":true,"rawValue":null,"scoredValue":null},{"num":66,"id":"hexaco_066","reverseKeyed":true,"rawValue":null,"scoredValue":null},{"num":90,"id":"hexaco_090","reverseKeyed":true,"rawValue":null,"scoredValue":null}]}
	2	8e8a8d6d-f224-2095-83d4-53412e0be0e6__trial	8e8a8d6d-f224-2095-83d4-53412e0be0e6	trial	2026-01-30T07:10:26.237Z			2026-02-04T04:48:37.932Z	3				mfq30,hexaco100,svo,ipip120,d70	default	true	hexaco100	facet_sum	Modesty		{"factor":"Honesty-Humility","nItems":4,"items":[{"num":24,"id":"hexaco_024","reverseKeyed":false,"rawValue":null,"scoredValue":null},{"num":48,"id":"hexaco_048","reverseKeyed":false,"rawValue":null,"scoredValue":null},{"num":72,"id":"hexaco_072","reverseKeyed":true,"rawValue":null,"scoredValue":null},{"num":96,"id":"hexaco_096","reverseKeyed":true,"rawValue":null,"scoredValue":null}]}
	2	8e8a8d6d-f224-2095-83d4-53412e0be0e6__trial	8e8a8d6d-f224-2095-83d4-53412e0be0e6	trial	2026-01-30T07:10:26.237Z			2026-02-04T04:48:37.932Z	3				mfq30,hexaco100,svo,ipip120,d70	default	true	hexaco100	facet_mean	Modesty		{"factor":"Honesty-Humility","sum":null,"nItems":4,"items":[{"num":24,"id":"hexaco_024","reverseKeyed":false,"rawValue":null,"scoredValue":null},{"num":48,"id":"hexaco_048","reverseKeyed":false,"rawValue":null,"scoredValue":null},{"num":72,"id":"hexaco_072","reverseKeyed":true,"rawValue":null,"scoredValue":null},{"num":96,"id":"hexaco_096","reverseKeyed":true,"rawValue":null,"scoredValue":null}]}
	2	8e8a8d6d-f224-2095-83d4-53412e0be0e6__trial	8e8a8d6d-f224-2095-83d4-53412e0be0e6	trial	2026-01-30T07:10:26.237Z			2026-02-04T04:48:37.932Z	3				mfq30,hexaco100,svo,ipip120,d70	default	true	hexaco100	facet_sum	Fearfulness		{"factor":"Emotionality","nItems":4,"items":[{"num":5,"id":"hexaco_005","reverseKeyed":false,"rawValue":null,"scoredValue":null},{"num":29,"id":"hexaco_029","reverseKeyed":true,"rawValue":null,"scoredValue":null},{"num":53,"id":"hexaco_053","reverseKeyed":false,"rawValue":null,"scoredValue":null},{"num":77,"id":"hexaco_077","reverseKeyed":true,"rawValue":null,"scoredValue":null}]}
	2	8e8a8d6d-f224-2095-83d4-53412e0be0e6__trial	8e8a8d6d-f224-2095-83d4-53412e0be0e6	trial	2026-01-30T07:10:26.237Z			2026-02-04T04:48:37.932Z	3				mfq30,hexaco100,svo,ipip120,d70	default	true	hexaco100	facet_mean	Fearfulness		{"factor":"Emotionality","sum":null,"nItems":4,"items":[{"num":5,"id":"hexaco_005","reverseKeyed":false,"rawValue":null,"scoredValue":null},{"num":29,"id":"hexaco_029","reverseKeyed":true,"rawValue":null,"scoredValue":null},{"num":53,"id":"hexaco_053","reverseKeyed":false,"rawValue":null,"scoredValue":null},{"num":77,"id":"hexaco_077","reverseKeyed":true,"rawValue":null,"scoredValue":null}]}
	2	8e8a8d6d-f224-2095-83d4-53412e0be0e6__trial	8e8a8d6d-f224-2095-83d4-53412e0be0e6	trial	2026-01-30T07:10:26.237Z			2026-02-04T04:48:37.932Z	3				mfq30,hexaco100,svo,ipip120,d70	default	true	hexaco100	facet_sum	Anxiety		{"factor":"Emotionality","nItems":4,"items":[{"num":11,"id":"hexaco_011","reverseKeyed":false,"rawValue":null,"scoredValue":null},{"num":35,"id":"hexaco_035","reverseKeyed":true,"rawValue":null,"scoredValue":null},{"num":59,"id":"hexaco_059","reverseKeyed":true,"rawValue":null,"scoredValue":null},{"num":83,"id":"hexaco_083","reverseKeyed":false,"rawValue":null,"scoredValue":null}]}
	2	8e8a8d6d-f224-2095-83d4-53412e0be0e6__trial	8e8a8d6d-f224-2095-83d4-53412e0be0e6	trial	2026-01-30T07:10:26.237Z			2026-02-04T04:48:37.932Z	3				mfq30,hexaco100,svo,ipip120,d70	default	true	hexaco100	facet_mean	Anxiety		{"factor":"Emotionality","sum":null,"nItems":4,"items":[{"num":11,"id":"hexaco_011","reverseKeyed":false,"rawValue":null,"scoredValue":null},{"num":35,"id":"hexaco_035","reverseKeyed":true,"rawValue":null,"scoredValue":null},{"num":59,"id":"hexaco_059","reverseKeyed":true,"rawValue":null,"scoredValue":null},{"num":83,"id":"hexaco_083","reverseKeyed":false,"rawValue":null,"scoredValue":null}]}
	2	8e8a8d6d-f224-2095-83d4-53412e0be0e6__trial	8e8a8d6d-f224-2095-83d4-53412e0be0e6	trial	2026-01-30T07:10:26.237Z			2026-02-04T04:48:37.932Z	3				mfq30,hexaco100,svo,ipip120,d70	default	true	hexaco100	facet_sum	Dependence		{"factor":"Emotionality","nItems":4,"items":[{"num":17,"id":"hexaco_017","reverseKeyed":false,"rawValue":null,"scoredValue":null},{"num":41,"id":"hexaco_041","reverseKeyed":true,"rawValue":null,"scoredValue":null},{"num":65,"id":"hexaco_065","reverseKeyed":false,"rawValue":null,"scoredValue":null},{"num":89,"id":"hexaco_089","reverseKeyed":true,"rawValue":null,"scoredValue":null}]}
	2	8e8a8d6d-f224-2095-83d4-53412e0be0e6__trial	8e8a8d6d-f224-2095-83d4-53412e0be0e6	trial	2026-01-30T07:10:26.237Z			2026-02-04T04:48:37.932Z	3				mfq30,hexaco100,svo,ipip120,d70	default	true	hexaco100	facet_mean	Dependence		{"factor":"Emotionality","sum":null,"nItems":4,"items":[{"num":17,"id":"hexaco_017","reverseKeyed":false,"rawValue":null,"scoredValue":null},{"num":41,"id":"hexaco_041","reverseKeyed":true,"rawValue":null,"scoredValue":null},{"num":65,"id":"hexaco_065","reverseKeyed":false,"rawValue":null,"scoredValue":null},{"num":89,"id":"hexaco_089","reverseKeyed":true,"rawValue":null,"scoredValue":null}]}
	2	8e8a8d6d-f224-2095-83d4-53412e0be0e6__trial	8e8a8d6d-f224-2095-83d4-53412e0be0e6	trial	2026-01-30T07:10:26.237Z			2026-02-04T04:48:37.932Z	3				mfq30,hexaco100,svo,ipip120,d70	default	true	hexaco100	facet_sum	Sentimentality		{"factor":"Emotionality","nItems":4,"items":[{"num":23,"id":"hexaco_023","reverseKeyed":false,"rawValue":null,"scoredValue":null},{"num":47,"id":"hexaco_047","reverseKeyed":false,"rawValue":null,"scoredValue":null},{"num":71,"id":"hexaco_071","reverseKeyed":false,"rawValue":null,"scoredValue":null},{"num":95,"id":"hexaco_095","reverseKeyed":true,"rawValue":null,"scoredValue":null}]}
	2	8e8a8d6d-f224-2095-83d4-53412e0be0e6__trial	8e8a8d6d-f224-2095-83d4-53412e0be0e6	trial	2026-01-30T07:10:26.237Z			2026-02-04T04:48:37.932Z	3				mfq30,hexaco100,svo,ipip120,d70	default	true	hexaco100	facet_mean	Sentimentality		{"factor":"Emotionality","sum":null,"nItems":4,"items":[{"num":23,"id":"hexaco_023","reverseKeyed":false,"rawValue":null,"scoredValue":null},{"num":47,"id":"hexaco_047","reverseKeyed":false,"rawValue":null,"scoredValue":null},{"num":71,"id":"hexaco_071","reverseKeyed":false,"rawValue":null,"scoredValue":null},{"num":95,"id":"hexaco_095","reverseKeyed":true,"rawValue":null,"scoredValue":null}]}
	2	8e8a8d6d-f224-2095-83d4-53412e0be0e6__trial	8e8a8d6d-f224-2095-83d4-53412e0be0e6	trial	2026-01-30T07:10:26.237Z			2026-02-04T04:48:37.932Z	3				mfq30,hexaco100,svo,ipip120,d70	default	true	hexaco100	facet_sum	Social Self-Esteem		{"factor":"Extraversion","nItems":4,"items":[{"num":4,"id":"hexaco_004","reverseKeyed":false,"rawValue":null,"scoredValue":null},{"num":28,"id":"hexaco_028","reverseKeyed":false,"rawValue":null,"scoredValue":null},{"num":52,"id":"hexaco_052","reverseKeyed":true,"rawValue":null,"scoredValue":null},{"num":76,"id":"hexaco_076","reverseKeyed":true,"rawValue":null,"scoredValue":null}]}
	2	8e8a8d6d-f224-2095-83d4-53412e0be0e6__trial	8e8a8d6d-f224-2095-83d4-53412e0be0e6	trial	2026-01-30T07:10:26.237Z			2026-02-04T04:48:37.932Z	3				mfq30,hexaco100,svo,ipip120,d70	default	true	hexaco100	facet_mean	Social Self-Esteem		{"factor":"Extraversion","sum":null,"nItems":4,"items":[{"num":4,"id":"hexaco_004","reverseKeyed":false,"rawValue":null,"scoredValue":null},{"num":28,"id":"hexaco_028","reverseKeyed":false,"rawValue":null,"scoredValue":null},{"num":52,"id":"hexaco_052","reverseKeyed":true,"rawValue":null,"scoredValue":null},{"num":76,"id":"hexaco_076","reverseKeyed":true,"rawValue":null,"scoredValue":null}]}
	2	8e8a8d6d-f224-2095-83d4-53412e0be0e6__trial	8e8a8d6d-f224-2095-83d4-53412e0be0e6	trial	2026-01-30T07:10:26.237Z			2026-02-04T04:48:37.932Z	3				mfq30,hexaco100,svo,ipip120,d70	default	true	hexaco100	facet_sum	Social Boldness		{"factor":"Extraversion","nItems":4,"items":[{"num":10,"id":"hexaco_010","reverseKeyed":true,"rawValue":null,"scoredValue":null},{"num":34,"id":"hexaco_034","reverseKeyed":false,"rawValue":null,"scoredValue":null},{"num":58,"id":"hexaco_058","reverseKeyed":false,"rawValue":null,"scoredValue":null},{"num":82,"id":"hexaco_082","reverseKeyed":true,"rawValue":null,"scoredValue":null}]}
	2	8e8a8d6d-f224-2095-83d4-53412e0be0e6__trial	8e8a8d6d-f224-2095-83d4-53412e0be0e6	trial	2026-01-30T07:10:26.237Z			2026-02-04T04:48:37.932Z	3				mfq30,hexaco100,svo,ipip120,d70	default	true	hexaco100	facet_mean	Social Boldness		{"factor":"Extraversion","sum":null,"nItems":4,"items":[{"num":10,"id":"hexaco_010","reverseKeyed":true,"rawValue":null,"scoredValue":null},{"num":34,"id":"hexaco_034","reverseKeyed":false,"rawValue":null,"scoredValue":null},{"num":58,"id":"hexaco_058","reverseKeyed":false,"rawValue":null,"scoredValue":null},{"num":82,"id":"hexaco_082","reverseKeyed":true,"rawValue":null,"scoredValue":null}]}
	2	8e8a8d6d-f224-2095-83d4-53412e0be0e6__trial	8e8a8d6d-f224-2095-83d4-53412e0be0e6	trial	2026-01-30T07:10:26.237Z			2026-02-04T04:48:37.932Z	3				mfq30,hexaco100,svo,ipip120,d70	default	true	hexaco100	facet_sum	Sociability		{"factor":"Extraversion","nItems":4,"items":[{"num":16,"id":"hexaco_016","reverseKeyed":true,"rawValue":null,"scoredValue":null},{"num":40,"id":"hexaco_040","reverseKeyed":false,"rawValue":null,"scoredValue":null},{"num":64,"id":"hexaco_064","reverseKeyed":false,"rawValue":null,"scoredValue":null},{"num":88,"id":"hexaco_088","reverseKeyed":false,"rawValue":null,"scoredValue":null}]}
	2	8e8a8d6d-f224-2095-83d4-53412e0be0e6__trial	8e8a8d6d-f224-2095-83d4-53412e0be0e6	trial	2026-01-30T07:10:26.237Z			2026-02-04T04:48:37.932Z	3				mfq30,hexaco100,svo,ipip120,d70	default	true	hexaco100	facet_mean	Sociability		{"factor":"Extraversion","sum":null,"nItems":4,"items":[{"num":16,"id":"hexaco_016","reverseKeyed":true,"rawValue":null,"scoredValue":null},{"num":40,"id":"hexaco_040","reverseKeyed":false,"rawValue":null,"scoredValue":null},{"num":64,"id":"hexaco_064","reverseKeyed":false,"rawValue":null,"scoredValue":null},{"num":88,"id":"hexaco_088","reverseKeyed":false,"rawValue":null,"scoredValue":null}]}
	2	8e8a8d6d-f224-2095-83d4-53412e0be0e6__trial	8e8a8d6d-f224-2095-83d4-53412e0be0e6	trial	2026-01-30T07:10:26.237Z			2026-02-04T04:48:37.932Z	3				mfq30,hexaco100,svo,ipip120,d70	default	true	hexaco100	facet_sum	Liveliness		{"factor":"Extraversion","nItems":4,"items":[{"num":22,"id":"hexaco_022","reverseKeyed":false,"rawValue":null,"scoredValue":null},{"num":46,"id":"hexaco_046","reverseKeyed":false,"rawValue":null,"scoredValue":null},{"num":70,"id":"hexaco_070","reverseKeyed":true,"rawValue":null,"scoredValue":null},{"num":94,"id":"hexaco_094","reverseKeyed":true,"rawValue":null,"scoredValue":null}]}
	2	8e8a8d6d-f224-2095-83d4-53412e0be0e6__trial	8e8a8d6d-f224-2095-83d4-53412e0be0e6	trial	2026-01-30T07:10:26.237Z			2026-02-04T04:48:37.932Z	3				mfq30,hexaco100,svo,ipip120,d70	default	true	hexaco100	facet_mean	Liveliness		{"factor":"Extraversion","sum":null,"nItems":4,"items":[{"num":22,"id":"hexaco_022","reverseKeyed":false,"rawValue":null,"scoredValue":null},{"num":46,"id":"hexaco_046","reverseKeyed":false,"rawValue":null,"scoredValue":null},{"num":70,"id":"hexaco_070","reverseKeyed":true,"rawValue":null,"scoredValue":null},{"num":94,"id":"hexaco_094","reverseKeyed":true,"rawValue":null,"scoredValue":null}]}
	2	8e8a8d6d-f224-2095-83d4-53412e0be0e6__trial	8e8a8d6d-f224-2095-83d4-53412e0be0e6	trial	2026-01-30T07:10:26.237Z			2026-02-04T04:48:37.932Z	3				mfq30,hexaco100,svo,ipip120,d70	default	true	hexaco100	facet_sum	Forgiveness		{"factor":"Agreeableness","nItems":4,"items":[{"num":3,"id":"hexaco_003","reverseKeyed":false,"rawValue":null,"scoredValue":null},{"num":27,"id":"hexaco_027","reverseKeyed":false,"rawValue":null,"scoredValue":null},{"num":51,"id":"hexaco_051","reverseKeyed":true,"rawValue":null,"scoredValue":null},{"num":75,"id":"hexaco_075","reverseKeyed":true,"rawValue":null,"scoredValue":null}]}
	2	8e8a8d6d-f224-2095-83d4-53412e0be0e6__trial	8e8a8d6d-f224-2095-83d4-53412e0be0e6	trial	2026-01-30T07:10:26.237Z			2026-02-04T04:48:37.932Z	3				mfq30,hexaco100,svo,ipip120,d70	default	true	hexaco100	facet_mean	Forgiveness		{"factor":"Agreeableness","sum":null,"nItems":4,"items":[{"num":3,"id":"hexaco_003","reverseKeyed":false,"rawValue":null,"scoredValue":null},{"num":27,"id":"hexaco_027","reverseKeyed":false,"rawValue":null,"scoredValue":null},{"num":51,"id":"hexaco_051","reverseKeyed":true,"rawValue":null,"scoredValue":null},{"num":75,"id":"hexaco_075","reverseKeyed":true,"rawValue":null,"scoredValue":null}]}
	2	8e8a8d6d-f224-2095-83d4-53412e0be0e6__trial	8e8a8d6d-f224-2095-83d4-53412e0be0e6	trial	2026-01-30T07:10:26.237Z			2026-02-04T04:48:37.932Z	3				mfq30,hexaco100,svo,ipip120,d70	default	true	hexaco100	facet_sum	Gentleness		{"factor":"Agreeableness","nItems":4,"items":[{"num":9,"id":"hexaco_009","reverseKeyed":true,"rawValue":null,"scoredValue":null},{"num":33,"id":"hexaco_033","reverseKeyed":false,"rawValue":null,"scoredValue":null},{"num":57,"id":"hexaco_057","reverseKeyed":false,"rawValue":null,"scoredValue":null},{"num":81,"id":"hexaco_081","reverseKeyed":false,"rawValue":null,"scoredValue":null}]}
	2	8e8a8d6d-f224-2095-83d4-53412e0be0e6__trial	8e8a8d6d-f224-2095-83d4-53412e0be0e6	trial	2026-01-30T07:10:26.237Z			2026-02-04T04:48:37.932Z	3				mfq30,hexaco100,svo,ipip120,d70	default	true	hexaco100	facet_mean	Gentleness		{"factor":"Agreeableness","sum":null,"nItems":4,"items":[{"num":9,"id":"hexaco_009","reverseKeyed":true,"rawValue":null,"scoredValue":null},{"num":33,"id":"hexaco_033","reverseKeyed":false,"rawValue":null,"scoredValue":null},{"num":57,"id":"hexaco_057","reverseKeyed":false,"rawValue":null,"scoredValue":null},{"num":81,"id":"hexaco_081","reverseKeyed":false,"rawValue":null,"scoredValue":null}]}
	2	8e8a8d6d-f224-2095-83d4-53412e0be0e6__trial	8e8a8d6d-f224-2095-83d4-53412e0be0e6	trial	2026-01-30T07:10:26.237Z			2026-02-04T04:48:37.932Z	3				mfq30,hexaco100,svo,ipip120,d70	default	true	hexaco100	facet_sum	Flexibility		{"factor":"Agreeableness","nItems":4,"items":[{"num":15,"id":"hexaco_015","reverseKeyed":true,"rawValue":null,"scoredValue":null},{"num":39,"id":"hexaco_039","reverseKeyed":false,"rawValue":null,"scoredValue":null},{"num":63,"id":"hexaco_063","reverseKeyed":true,"rawValue":null,"scoredValue":null},{"num":87,"id":"hexaco_087","reverseKeyed":true,"rawValue":null,"scoredValue":null}]}
	2	8e8a8d6d-f224-2095-83d4-53412e0be0e6__trial	8e8a8d6d-f224-2095-83d4-53412e0be0e6	trial	2026-01-30T07:10:26.237Z			2026-02-04T04:48:37.932Z	3				mfq30,hexaco100,svo,ipip120,d70	default	true	hexaco100	facet_mean	Flexibility		{"factor":"Agreeableness","sum":null,"nItems":4,"items":[{"num":15,"id":"hexaco_015","reverseKeyed":true,"rawValue":null,"scoredValue":null},{"num":39,"id":"hexaco_039","reverseKeyed":false,"rawValue":null,"scoredValue":null},{"num":63,"id":"hexaco_063","reverseKeyed":true,"rawValue":null,"scoredValue":null},{"num":87,"id":"hexaco_087","reverseKeyed":true,"rawValue":null,"scoredValue":null}]}
	2	8e8a8d6d-f224-2095-83d4-53412e0be0e6__trial	8e8a8d6d-f224-2095-83d4-53412e0be0e6	trial	2026-01-30T07:10:26.237Z			2026-02-04T04:48:37.932Z	3				mfq30,hexaco100,svo,ipip120,d70	default	true	hexaco100	facet_sum	Patience		{"factor":"Agreeableness","nItems":4,"items":[{"num":21,"id":"hexaco_021","reverseKeyed":true,"rawValue":null,"scoredValue":null},{"num":45,"id":"hexaco_045","reverseKeyed":false,"rawValue":null,"scoredValue":null},{"num":69,"id":"hexaco_069","reverseKeyed":false,"rawValue":null,"scoredValue":null},{"num":93,"id":"hexaco_093","reverseKeyed":true,"rawValue":null,"scoredValue":null}]}
	2	8e8a8d6d-f224-2095-83d4-53412e0be0e6__trial	8e8a8d6d-f224-2095-83d4-53412e0be0e6	trial	2026-01-30T07:10:26.237Z			2026-02-04T04:48:37.932Z	3				mfq30,hexaco100,svo,ipip120,d70	default	true	hexaco100	facet_mean	Patience		{"factor":"Agreeableness","sum":null,"nItems":4,"items":[{"num":21,"id":"hexaco_021","reverseKeyed":true,"rawValue":null,"scoredValue":null},{"num":45,"id":"hexaco_045","reverseKeyed":false,"rawValue":null,"scoredValue":null},{"num":69,"id":"hexaco_069","reverseKeyed":false,"rawValue":null,"scoredValue":null},{"num":93,"id":"hexaco_093","reverseKeyed":true,"rawValue":null,"scoredValue":null}]}
	2	8e8a8d6d-f224-2095-83d4-53412e0be0e6__trial	8e8a8d6d-f224-2095-83d4-53412e0be0e6	trial	2026-01-30T07:10:26.237Z			2026-02-04T04:48:37.932Z	3				mfq30,hexaco100,svo,ipip120,d70	default	true	hexaco100	facet_sum	Organization		{"factor":"Conscientiousness","nItems":4,"items":[{"num":2,"id":"hexaco_002","reverseKeyed":false,"rawValue":null,"scoredValue":null},{"num":26,"id":"hexaco_026","reverseKeyed":false,"rawValue":null,"scoredValue":null},{"num":50,"id":"hexaco_050","reverseKeyed":true,"rawValue":null,"scoredValue":null},{"num":74,"id":"hexaco_074","reverseKeyed":true,"rawValue":null,"scoredValue":null}]}
	2	8e8a8d6d-f224-2095-83d4-53412e0be0e6__trial	8e8a8d6d-f224-2095-83d4-53412e0be0e6	trial	2026-01-30T07:10:26.237Z			2026-02-04T04:48:37.932Z	3				mfq30,hexaco100,svo,ipip120,d70	default	true	hexaco100	facet_mean	Organization		{"factor":"Conscientiousness","sum":null,"nItems":4,"items":[{"num":2,"id":"hexaco_002","reverseKeyed":false,"rawValue":null,"scoredValue":null},{"num":26,"id":"hexaco_026","reverseKeyed":false,"rawValue":null,"scoredValue":null},{"num":50,"id":"hexaco_050","reverseKeyed":true,"rawValue":null,"scoredValue":null},{"num":74,"id":"hexaco_074","reverseKeyed":true,"rawValue":null,"scoredValue":null}]}
	2	8e8a8d6d-f224-2095-83d4-53412e0be0e6__trial	8e8a8d6d-f224-2095-83d4-53412e0be0e6	trial	2026-01-30T07:10:26.237Z			2026-02-04T04:48:37.932Z	3				mfq30,hexaco100,svo,ipip120,d70	default	true	hexaco100	facet_sum	Diligence		{"factor":"Conscientiousness","nItems":4,"items":[{"num":8,"id":"hexaco_008","reverseKeyed":false,"rawValue":null,"scoredValue":null},{"num":32,"id":"hexaco_032","reverseKeyed":false,"rawValue":null,"scoredValue":null},{"num":56,"id":"hexaco_056","reverseKeyed":true,"rawValue":null,"scoredValue":null},{"num":80,"id":"hexaco_080","reverseKeyed":true,"rawValue":null,"scoredValue":null}]}
	2	8e8a8d6d-f224-2095-83d4-53412e0be0e6__trial	8e8a8d6d-f224-2095-83d4-53412e0be0e6	trial	2026-01-30T07:10:26.237Z			2026-02-04T04:48:37.932Z	3				mfq30,hexaco100,svo,ipip120,d70	default	true	hexaco100	facet_mean	Diligence		{"factor":"Conscientiousness","sum":null,"nItems":4,"items":[{"num":8,"id":"hexaco_008","reverseKeyed":false,"rawValue":null,"scoredValue":null},{"num":32,"id":"hexaco_032","reverseKeyed":false,"rawValue":null,"scoredValue":null},{"num":56,"id":"hexaco_056","reverseKeyed":true,"rawValue":null,"scoredValue":null},{"num":80,"id":"hexaco_080","reverseKeyed":true,"rawValue":null,"scoredValue":null}]}
	2	8e8a8d6d-f224-2095-83d4-53412e0be0e6__trial	8e8a8d6d-f224-2095-83d4-53412e0be0e6	trial	2026-01-30T07:10:26.237Z			2026-02-04T04:48:37.932Z	3				mfq30,hexaco100,svo,ipip120,d70	default	true	hexaco100	facet_sum	Perfectionism		{"factor":"Conscientiousness","nItems":4,"items":[{"num":14,"id":"hexaco_014","reverseKeyed":false,"rawValue":null,"scoredValue":null},{"num":38,"id":"hexaco_038","reverseKeyed":true,"rawValue":null,"scoredValue":null},{"num":62,"id":"hexaco_062","reverseKeyed":false,"rawValue":null,"scoredValue":null},{"num":86,"id":"hexaco_086","reverseKeyed":false,"rawValue":null,"scoredValue":null}]}
	2	8e8a8d6d-f224-2095-83d4-53412e0be0e6__trial	8e8a8d6d-f224-2095-83d4-53412e0be0e6	trial	2026-01-30T07:10:26.237Z			2026-02-04T04:48:37.932Z	3				mfq30,hexaco100,svo,ipip120,d70	default	true	hexaco100	facet_mean	Perfectionism		{"factor":"Conscientiousness","sum":null,"nItems":4,"items":[{"num":14,"id":"hexaco_014","reverseKeyed":false,"rawValue":null,"scoredValue":null},{"num":38,"id":"hexaco_038","reverseKeyed":true,"rawValue":null,"scoredValue":null},{"num":62,"id":"hexaco_062","reverseKeyed":false,"rawValue":null,"scoredValue":null},{"num":86,"id":"hexaco_086","reverseKeyed":false,"rawValue":null,"scoredValue":null}]}
	2	8e8a8d6d-f224-2095-83d4-53412e0be0e6__trial	8e8a8d6d-f224-2095-83d4-53412e0be0e6	trial	2026-01-30T07:10:26.237Z			2026-02-04T04:48:37.932Z	3				mfq30,hexaco100,svo,ipip120,d70	default	true	hexaco100	facet_sum	Prudence		{"factor":"Conscientiousness","nItems":4,"items":[{"num":20,"id":"hexaco_020","reverseKeyed":true,"rawValue":null,"scoredValue":null},{"num":44,"id":"hexaco_044","reverseKeyed":true,"rawValue":null,"scoredValue":null},{"num":68,"id":"hexaco_068","reverseKeyed":false,"rawValue":null,"scoredValue":null},{"num":92,"id":"hexaco_092","reverseKeyed":true,"rawValue":null,"scoredValue":null}]}
	2	8e8a8d6d-f224-2095-83d4-53412e0be0e6__trial	8e8a8d6d-f224-2095-83d4-53412e0be0e6	trial	2026-01-30T07:10:26.237Z			2026-02-04T04:48:37.932Z	3				mfq30,hexaco100,svo,ipip120,d70	default	true	hexaco100	facet_mean	Prudence		{"factor":"Conscientiousness","sum":null,"nItems":4,"items":[{"num":20,"id":"hexaco_020","reverseKeyed":true,"rawValue":null,"scoredValue":null},{"num":44,"id":"hexaco_044","reverseKeyed":true,"rawValue":null,"scoredValue":null},{"num":68,"id":"hexaco_068","reverseKeyed":false,"rawValue":null,"scoredValue":null},{"num":92,"id":"hexaco_092","reverseKeyed":true,"rawValue":null,"scoredValue":null}]}
	2	8e8a8d6d-f224-2095-83d4-53412e0be0e6__trial	8e8a8d6d-f224-2095-83d4-53412e0be0e6	trial	2026-01-30T07:10:26.237Z			2026-02-04T04:48:37.932Z	3				mfq30,hexaco100,svo,ipip120,d70	default	true	hexaco100	facet_sum	Aesthetic Appreciation		{"factor":"Openness to Experience","nItems":4,"items":[{"num":1,"id":"hexaco_001","reverseKeyed":true,"rawValue":null,"scoredValue":null},{"num":25,"id":"hexaco_025","reverseKeyed":true,"rawValue":null,"scoredValue":null},{"num":49,"id":"hexaco_049","reverseKeyed":false,"rawValue":null,"scoredValue":null},{"num":73,"id":"hexaco_073","reverseKeyed":false,"rawValue":null,"scoredValue":null}]}
	2	8e8a8d6d-f224-2095-83d4-53412e0be0e6__trial	8e8a8d6d-f224-2095-83d4-53412e0be0e6	trial	2026-01-30T07:10:26.237Z			2026-02-04T04:48:37.932Z	3				mfq30,hexaco100,svo,ipip120,d70	default	true	hexaco100	facet_mean	Aesthetic Appreciation		{"factor":"Openness to Experience","sum":null,"nItems":4,"items":[{"num":1,"id":"hexaco_001","reverseKeyed":true,"rawValue":null,"scoredValue":null},{"num":25,"id":"hexaco_025","reverseKeyed":true,"rawValue":null,"scoredValue":null},{"num":49,"id":"hexaco_049","reverseKeyed":false,"rawValue":null,"scoredValue":null},{"num":73,"id":"hexaco_073","reverseKeyed":false,"rawValue":null,"scoredValue":null}]}
	2	8e8a8d6d-f224-2095-83d4-53412e0be0e6__trial	8e8a8d6d-f224-2095-83d4-53412e0be0e6	trial	2026-01-30T07:10:26.237Z			2026-02-04T04:48:37.932Z	3				mfq30,hexaco100,svo,ipip120,d70	default	true	hexaco100	facet_sum	Inquisitiveness		{"factor":"Openness to Experience","nItems":4,"items":[{"num":7,"id":"hexaco_007","reverseKeyed":false,"rawValue":null,"scoredValue":null},{"num":31,"id":"hexaco_031","reverseKeyed":false,"rawValue":null,"scoredValue":null},{"num":55,"id":"hexaco_055","reverseKeyed":true,"rawValue":null,"scoredValue":null},{"num":79,"id":"hexaco_079","reverseKeyed":true,"rawValue":null,"scoredValue":null}]}
	2	8e8a8d6d-f224-2095-83d4-53412e0be0e6__trial	8e8a8d6d-f224-2095-83d4-53412e0be0e6	trial	2026-01-30T07:10:26.237Z			2026-02-04T04:48:37.932Z	3				mfq30,hexaco100,svo,ipip120,d70	default	true	hexaco100	facet_mean	Inquisitiveness		{"factor":"Openness to Experience","sum":null,"nItems":4,"items":[{"num":7,"id":"hexaco_007","reverseKeyed":false,"rawValue":null,"scoredValue":null},{"num":31,"id":"hexaco_031","reverseKeyed":false,"rawValue":null,"scoredValue":null},{"num":55,"id":"hexaco_055","reverseKeyed":true,"rawValue":null,"scoredValue":null},{"num":79,"id":"hexaco_079","reverseKeyed":true,"rawValue":null,"scoredValue":null}]}
	2	8e8a8d6d-f224-2095-83d4-53412e0be0e6__trial	8e8a8d6d-f224-2095-83d4-53412e0be0e6	trial	2026-01-30T07:10:26.237Z			2026-02-04T04:48:37.932Z	3				mfq30,hexaco100,svo,ipip120,d70	default	true	hexaco100	facet_sum	Creativity		{"factor":"Openness to Experience","nItems":4,"items":[{"num":13,"id":"hexaco_013","reverseKeyed":true,"rawValue":null,"scoredValue":null},{"num":37,"id":"hexaco_037","reverseKeyed":false,"rawValue":null,"scoredValue":null},{"num":61,"id":"hexaco_061","reverseKeyed":false,"rawValue":null,"scoredValue":null},{"num":85,"id":"hexaco_085","reverseKeyed":true,"rawValue":null,"scoredValue":null}]}
	2	8e8a8d6d-f224-2095-83d4-53412e0be0e6__trial	8e8a8d6d-f224-2095-83d4-53412e0be0e6	trial	2026-01-30T07:10:26.237Z			2026-02-04T04:48:37.932Z	3				mfq30,hexaco100,svo,ipip120,d70	default	true	hexaco100	facet_mean	Creativity		{"factor":"Openness to Experience","sum":null,"nItems":4,"items":[{"num":13,"id":"hexaco_013","reverseKeyed":true,"rawValue":null,"scoredValue":null},{"num":37,"id":"hexaco_037","reverseKeyed":false,"rawValue":null,"scoredValue":null},{"num":61,"id":"hexaco_061","reverseKeyed":false,"rawValue":null,"scoredValue":null},{"num":85,"id":"hexaco_085","reverseKeyed":true,"rawValue":null,"scoredValue":null}]}
	2	8e8a8d6d-f224-2095-83d4-53412e0be0e6__trial	8e8a8d6d-f224-2095-83d4-53412e0be0e6	trial	2026-01-30T07:10:26.237Z			2026-02-04T04:48:37.932Z	3				mfq30,hexaco100,svo,ipip120,d70	default	true	hexaco100	facet_sum	Unconventionality		{"factor":"Openness to Experience","nItems":4,"items":[{"num":19,"id":"hexaco_019","reverseKeyed":true,"rawValue":null,"scoredValue":null},{"num":43,"id":"hexaco_043","reverseKeyed":false,"rawValue":null,"scoredValue":null},{"num":67,"id":"hexaco_067","reverseKeyed":false,"rawValue":null,"scoredValue":null},{"num":91,"id":"hexaco_091","reverseKeyed":true,"rawValue":null,"scoredValue":null}]}
	2	8e8a8d6d-f224-2095-83d4-53412e0be0e6__trial	8e8a8d6d-f224-2095-83d4-53412e0be0e6	trial	2026-01-30T07:10:26.237Z			2026-02-04T04:48:37.932Z	3				mfq30,hexaco100,svo,ipip120,d70	default	true	hexaco100	facet_mean	Unconventionality		{"factor":"Openness to Experience","sum":null,"nItems":4,"items":[{"num":19,"id":"hexaco_019","reverseKeyed":true,"rawValue":null,"scoredValue":null},{"num":43,"id":"hexaco_043","reverseKeyed":false,"rawValue":null,"scoredValue":null},{"num":67,"id":"hexaco_067","reverseKeyed":false,"rawValue":null,"scoredValue":null},{"num":91,"id":"hexaco_091","reverseKeyed":true,"rawValue":null,"scoredValue":null}]}
	2	8e8a8d6d-f224-2095-83d4-53412e0be0e6__trial	8e8a8d6d-f224-2095-83d4-53412e0be0e6	trial	2026-01-30T07:10:26.237Z			2026-02-04T04:48:37.932Z	3				mfq30,hexaco100,svo,ipip120,d70	default	true	hexaco100	facet_sum	Altruism		{"factor":"(interstitial) Altruism","nItems":4,"items":[{"num":97,"id":"hexaco_097","reverseKeyed":false,"rawValue":null,"scoredValue":null},{"num":98,"id":"hexaco_098","reverseKeyed":false,"rawValue":null,"scoredValue":null},{"num":99,"id":"hexaco_099","reverseKeyed":true,"rawValue":null,"scoredValue":null},{"num":100,"id":"hexaco_100","reverseKeyed":true,"rawValue":null,"scoredValue":null}]}
	2	8e8a8d6d-f224-2095-83d4-53412e0be0e6__trial	8e8a8d6d-f224-2095-83d4-53412e0be0e6	trial	2026-01-30T07:10:26.237Z			2026-02-04T04:48:37.932Z	3				mfq30,hexaco100,svo,ipip120,d70	default	true	hexaco100	facet_mean	Altruism		{"factor":"(interstitial) Altruism","sum":null,"nItems":4,"items":[{"num":97,"id":"hexaco_097","reverseKeyed":false,"rawValue":null,"scoredValue":null},{"num":98,"id":"hexaco_098","reverseKeyed":false,"rawValue":null,"scoredValue":null},{"num":99,"id":"hexaco_099","reverseKeyed":true,"rawValue":null,"scoredValue":null},{"num":100,"id":"hexaco_100","reverseKeyed":true,"rawValue":null,"scoredValue":null}]}
	2	8e8a8d6d-f224-2095-83d4-53412e0be0e6__trial	8e8a8d6d-f224-2095-83d4-53412e0be0e6	trial	2026-01-30T07:10:26.237Z			2026-02-04T04:48:37.932Z	3				mfq30,hexaco100,svo,ipip120,d70	default	true	hexaco100	factor_sum	Honesty-Humility		{"nItems":16,"facets":{"Sincerity":null,"Fairness":null,"Greed-Avoidance":null,"Modesty":null}}
	2	8e8a8d6d-f224-2095-83d4-53412e0be0e6__trial	8e8a8d6d-f224-2095-83d4-53412e0be0e6	trial	2026-01-30T07:10:26.237Z			2026-02-04T04:48:37.932Z	3				mfq30,hexaco100,svo,ipip120,d70	default	true	hexaco100	factor_mean	Honesty-Humility		{"sum":null,"nItems":16,"facets":{"Sincerity":null,"Fairness":null,"Greed-Avoidance":null,"Modesty":null}}
	2	8e8a8d6d-f224-2095-83d4-53412e0be0e6__trial	8e8a8d6d-f224-2095-83d4-53412e0be0e6	trial	2026-01-30T07:10:26.237Z			2026-02-04T04:48:37.932Z	3				mfq30,hexaco100,svo,ipip120,d70	default	true	hexaco100	factor_sum	Emotionality		{"nItems":16,"facets":{"Fearfulness":null,"Anxiety":null,"Dependence":null,"Sentimentality":null}}
	2	8e8a8d6d-f224-2095-83d4-53412e0be0e6__trial	8e8a8d6d-f224-2095-83d4-53412e0be0e6	trial	2026-01-30T07:10:26.237Z			2026-02-04T04:48:37.932Z	3				mfq30,hexaco100,svo,ipip120,d70	default	true	hexaco100	factor_mean	Emotionality		{"sum":null,"nItems":16,"facets":{"Fearfulness":null,"Anxiety":null,"Dependence":null,"Sentimentality":null}}
	2	8e8a8d6d-f224-2095-83d4-53412e0be0e6__trial	8e8a8d6d-f224-2095-83d4-53412e0be0e6	trial	2026-01-30T07:10:26.237Z			2026-02-04T04:48:37.932Z	3				mfq30,hexaco100,svo,ipip120,d70	default	true	hexaco100	factor_sum	Extraversion		{"nItems":16,"facets":{"Social Self-Esteem":null,"Social Boldness":null,"Sociability":null,"Liveliness":null}}
	2	8e8a8d6d-f224-2095-83d4-53412e0be0e6__trial	8e8a8d6d-f224-2095-83d4-53412e0be0e6	trial	2026-01-30T07:10:26.237Z			2026-02-04T04:48:37.932Z	3				mfq30,hexaco100,svo,ipip120,d70	default	true	hexaco100	factor_mean	Extraversion		{"sum":null,"nItems":16,"facets":{"Social Self-Esteem":null,"Social Boldness":null,"Sociability":null,"Liveliness":null}}
	2	8e8a8d6d-f224-2095-83d4-53412e0be0e6__trial	8e8a8d6d-f224-2095-83d4-53412e0be0e6	trial	2026-01-30T07:10:26.237Z			2026-02-04T04:48:37.932Z	3				mfq30,hexaco100,svo,ipip120,d70	default	true	hexaco100	factor_sum	Agreeableness		{"nItems":16,"facets":{"Forgiveness":null,"Gentleness":null,"Flexibility":null,"Patience":null}}
	2	8e8a8d6d-f224-2095-83d4-53412e0be0e6__trial	8e8a8d6d-f224-2095-83d4-53412e0be0e6	trial	2026-01-30T07:10:26.237Z			2026-02-04T04:48:37.932Z	3				mfq30,hexaco100,svo,ipip120,d70	default	true	hexaco100	factor_mean	Agreeableness		{"sum":null,"nItems":16,"facets":{"Forgiveness":null,"Gentleness":null,"Flexibility":null,"Patience":null}}
	2	8e8a8d6d-f224-2095-83d4-53412e0be0e6__trial	8e8a8d6d-f224-2095-83d4-53412e0be0e6	trial	2026-01-30T07:10:26.237Z			2026-02-04T04:48:37.932Z	3				mfq30,hexaco100,svo,ipip120,d70	default	true	hexaco100	factor_sum	Conscientiousness		{"nItems":16,"facets":{"Organization":null,"Diligence":null,"Perfectionism":null,"Prudence":null}}
	2	8e8a8d6d-f224-2095-83d4-53412e0be0e6__trial	8e8a8d6d-f224-2095-83d4-53412e0be0e6	trial	2026-01-30T07:10:26.237Z			2026-02-04T04:48:37.932Z	3				mfq30,hexaco100,svo,ipip120,d70	default	true	hexaco100	factor_mean	Conscientiousness		{"sum":null,"nItems":16,"facets":{"Organization":null,"Diligence":null,"Perfectionism":null,"Prudence":null}}
	2	8e8a8d6d-f224-2095-83d4-53412e0be0e6__trial	8e8a8d6d-f224-2095-83d4-53412e0be0e6	trial	2026-01-30T07:10:26.237Z			2026-02-04T04:48:37.932Z	3				mfq30,hexaco100,svo,ipip120,d70	default	true	hexaco100	factor_sum	Openness to Experience		{"nItems":16,"facets":{"Aesthetic Appreciation":null,"Inquisitiveness":null,"Creativity":null,"Unconventionality":null}}
	2	8e8a8d6d-f224-2095-83d4-53412e0be0e6__trial	8e8a8d6d-f224-2095-83d4-53412e0be0e6	trial	2026-01-30T07:10:26.237Z			2026-02-04T04:48:37.932Z	3				mfq30,hexaco100,svo,ipip120,d70	default	true	hexaco100	factor_mean	Openness to Experience		{"sum":null,"nItems":16,"facets":{"Aesthetic Appreciation":null,"Inquisitiveness":null,"Creativity":null,"Unconventionality":null}}
	2	8e8a8d6d-f224-2095-83d4-53412e0be0e6__trial	8e8a8d6d-f224-2095-83d4-53412e0be0e6	trial	2026-01-30T07:10:26.237Z			2026-02-04T04:48:37.932Z	3				mfq30,hexaco100,svo,ipip120,d70	default	true	hexaco100	factor_sum	(interstitial) Altruism		{"nItems":4,"facets":{"Altruism":null}}
	2	8e8a8d6d-f224-2095-83d4-53412e0be0e6__trial	8e8a8d6d-f224-2095-83d4-53412e0be0e6	trial	2026-01-30T07:10:26.237Z			2026-02-04T04:48:37.932Z	3				mfq30,hexaco100,svo,ipip120,d70	default	true	hexaco100	factor_mean	(interstitial) Altruism		{"sum":null,"nItems":4,"facets":{"Altruism":null}}
	2	8e8a8d6d-f224-2095-83d4-53412e0be0e6__trial	8e8a8d6d-f224-2095-83d4-53412e0be0e6	trial	2026-01-30T07:10:26.237Z			2026-02-04T04:48:37.932Z	3				mfq30,hexaco100,svo,ipip120,d70	default	true	ipip120	facet_sum	N1: ANXIETY(Alpha = .78)		{"mean":null,"items":[{"id":"ipip_001","num":1,"key":"+","reverseKeyed":false,"rawValue":null,"scoredValue":null},{"id":"ipip_002","num":2,"key":"+","reverseKeyed":false,"rawValue":null,"scoredValue":null},{"id":"ipip_003","num":3,"key":"+","reverseKeyed":false,"rawValue":null,"scoredValue":null},{"id":"ipip_004","num":4,"key":"+","reverseKeyed":false,"rawValue":null,"scoredValue":null}]}
	2	8e8a8d6d-f224-2095-83d4-53412e0be0e6__trial	8e8a8d6d-f224-2095-83d4-53412e0be0e6	trial	2026-01-30T07:10:26.237Z			2026-02-04T04:48:37.932Z	3				mfq30,hexaco100,svo,ipip120,d70	default	true	ipip120	facet_mean	N1: ANXIETY(Alpha = .78)		{"sum":null,"items":[{"id":"ipip_001","num":1,"key":"+","reverseKeyed":false,"rawValue":null,"scoredValue":null},{"id":"ipip_002","num":2,"key":"+","reverseKeyed":false,"rawValue":null,"scoredValue":null},{"id":"ipip_003","num":3,"key":"+","reverseKeyed":false,"rawValue":null,"scoredValue":null},{"id":"ipip_004","num":4,"key":"+","reverseKeyed":false,"rawValue":null,"scoredValue":null}]}
	2	8e8a8d6d-f224-2095-83d4-53412e0be0e6__trial	8e8a8d6d-f224-2095-83d4-53412e0be0e6	trial	2026-01-30T07:10:26.237Z			2026-02-04T04:48:37.932Z	3				mfq30,hexaco100,svo,ipip120,d70	default	true	ipip120	facet_sum	N2: ANGER (.87)		{"mean":null,"items":[{"id":"ipip_005","num":5,"key":"+","reverseKeyed":false,"rawValue":null,"scoredValue":null},{"id":"ipip_006","num":6,"key":"+","reverseKeyed":false,"rawValue":null,"scoredValue":null},{"id":"ipip_007","num":7,"key":"+","reverseKeyed":false,"rawValue":null,"scoredValue":null},{"id":"ipip_008","num":8,"key":"-","reverseKeyed":true,"rawValue":null,"scoredValue":null}]}
	2	8e8a8d6d-f224-2095-83d4-53412e0be0e6__trial	8e8a8d6d-f224-2095-83d4-53412e0be0e6	trial	2026-01-30T07:10:26.237Z			2026-02-04T04:48:37.932Z	3				mfq30,hexaco100,svo,ipip120,d70	default	true	ipip120	facet_mean	N2: ANGER (.87)		{"sum":null,"items":[{"id":"ipip_005","num":5,"key":"+","reverseKeyed":false,"rawValue":null,"scoredValue":null},{"id":"ipip_006","num":6,"key":"+","reverseKeyed":false,"rawValue":null,"scoredValue":null},{"id":"ipip_007","num":7,"key":"+","reverseKeyed":false,"rawValue":null,"scoredValue":null},{"id":"ipip_008","num":8,"key":"-","reverseKeyed":true,"rawValue":null,"scoredValue":null}]}
	2	8e8a8d6d-f224-2095-83d4-53412e0be0e6__trial	8e8a8d6d-f224-2095-83d4-53412e0be0e6	trial	2026-01-30T07:10:26.237Z			2026-02-04T04:48:37.932Z	3				mfq30,hexaco100,svo,ipip120,d70	default	true	ipip120	facet_sum	N3: DEPRESSION (.85)		{"mean":null,"items":[{"id":"ipip_009","num":9,"key":"+","reverseKeyed":false,"rawValue":null,"scoredValue":null},{"id":"ipip_010","num":10,"key":"+","reverseKeyed":false,"rawValue":null,"scoredValue":null},{"id":"ipip_011","num":11,"key":"+","reverseKeyed":false,"rawValue":null,"scoredValue":null},{"id":"ipip_012","num":12,"key":"-","reverseKeyed":true,"rawValue":null,"scoredValue":null}]}
	2	8e8a8d6d-f224-2095-83d4-53412e0be0e6__trial	8e8a8d6d-f224-2095-83d4-53412e0be0e6	trial	2026-01-30T07:10:26.237Z			2026-02-04T04:48:37.932Z	3				mfq30,hexaco100,svo,ipip120,d70	default	true	ipip120	facet_mean	N3: DEPRESSION (.85)		{"sum":null,"items":[{"id":"ipip_009","num":9,"key":"+","reverseKeyed":false,"rawValue":null,"scoredValue":null},{"id":"ipip_010","num":10,"key":"+","reverseKeyed":false,"rawValue":null,"scoredValue":null},{"id":"ipip_011","num":11,"key":"+","reverseKeyed":false,"rawValue":null,"scoredValue":null},{"id":"ipip_012","num":12,"key":"-","reverseKeyed":true,"rawValue":null,"scoredValue":null}]}
	2	8e8a8d6d-f224-2095-83d4-53412e0be0e6__trial	8e8a8d6d-f224-2095-83d4-53412e0be0e6	trial	2026-01-30T07:10:26.237Z			2026-02-04T04:48:37.932Z	3				mfq30,hexaco100,svo,ipip120,d70	default	true	ipip120	facet_sum	N4: SELF-CONSCIOUSNESS (.70)		{"mean":null,"items":[{"id":"ipip_013","num":13,"key":"+","reverseKeyed":false,"rawValue":null,"scoredValue":null},{"id":"ipip_014","num":14,"key":"+","reverseKeyed":false,"rawValue":null,"scoredValue":null},{"id":"ipip_015","num":15,"key":"+","reverseKeyed":false,"rawValue":null,"scoredValue":null},{"id":"ipip_016","num":16,"key":"-","reverseKeyed":true,"rawValue":null,"scoredValue":null}]}
	2	8e8a8d6d-f224-2095-83d4-53412e0be0e6__trial	8e8a8d6d-f224-2095-83d4-53412e0be0e6	trial	2026-01-30T07:10:26.237Z			2026-02-04T04:48:37.932Z	3				mfq30,hexaco100,svo,ipip120,d70	default	true	ipip120	facet_mean	N4: SELF-CONSCIOUSNESS (.70)		{"sum":null,"items":[{"id":"ipip_013","num":13,"key":"+","reverseKeyed":false,"rawValue":null,"scoredValue":null},{"id":"ipip_014","num":14,"key":"+","reverseKeyed":false,"rawValue":null,"scoredValue":null},{"id":"ipip_015","num":15,"key":"+","reverseKeyed":false,"rawValue":null,"scoredValue":null},{"id":"ipip_016","num":16,"key":"-","reverseKeyed":true,"rawValue":null,"scoredValue":null}]}
	2	8e8a8d6d-f224-2095-83d4-53412e0be0e6__trial	8e8a8d6d-f224-2095-83d4-53412e0be0e6	trial	2026-01-30T07:10:26.237Z			2026-02-04T04:48:37.932Z	3				mfq30,hexaco100,svo,ipip120,d70	default	true	ipip120	facet_sum	N5: IMMODERATION (.69)		{"mean":null,"items":[{"id":"ipip_017","num":17,"key":"+","reverseKeyed":false,"rawValue":null,"scoredValue":null},{"id":"ipip_018","num":18,"key":"-","reverseKeyed":true,"rawValue":null,"scoredValue":null},{"id":"ipip_019","num":19,"key":"-","reverseKeyed":true,"rawValue":null,"scoredValue":null},{"id":"ipip_020","num":20,"key":"-","reverseKeyed":true,"rawValue":null,"scoredValue":null}]}
	2	8e8a8d6d-f224-2095-83d4-53412e0be0e6__trial	8e8a8d6d-f224-2095-83d4-53412e0be0e6	trial	2026-01-30T07:10:26.237Z			2026-02-04T04:48:37.932Z	3				mfq30,hexaco100,svo,ipip120,d70	default	true	ipip120	facet_mean	N5: IMMODERATION (.69)		{"sum":null,"items":[{"id":"ipip_017","num":17,"key":"+","reverseKeyed":false,"rawValue":null,"scoredValue":null},{"id":"ipip_018","num":18,"key":"-","reverseKeyed":true,"rawValue":null,"scoredValue":null},{"id":"ipip_019","num":19,"key":"-","reverseKeyed":true,"rawValue":null,"scoredValue":null},{"id":"ipip_020","num":20,"key":"-","reverseKeyed":true,"rawValue":null,"scoredValue":null}]}
	2	8e8a8d6d-f224-2095-83d4-53412e0be0e6__trial	8e8a8d6d-f224-2095-83d4-53412e0be0e6	trial	2026-01-30T07:10:26.237Z			2026-02-04T04:48:37.932Z	3				mfq30,hexaco100,svo,ipip120,d70	default	true	ipip120	facet_sum	N6: VULNERABILITY (.76)		{"mean":null,"items":[{"id":"ipip_021","num":21,"key":"+","reverseKeyed":false,"rawValue":null,"scoredValue":null},{"id":"ipip_022","num":22,"key":"+","reverseKeyed":false,"rawValue":null,"scoredValue":null},{"id":"ipip_023","num":23,"key":"+","reverseKeyed":false,"rawValue":null,"scoredValue":null},{"id":"ipip_024","num":24,"key":"-","reverseKeyed":true,"rawValue":null,"scoredValue":null}]}
	2	8e8a8d6d-f224-2095-83d4-53412e0be0e6__trial	8e8a8d6d-f224-2095-83d4-53412e0be0e6	trial	2026-01-30T07:10:26.237Z			2026-02-04T04:48:37.932Z	3				mfq30,hexaco100,svo,ipip120,d70	default	true	ipip120	facet_mean	N6: VULNERABILITY (.76)		{"sum":null,"items":[{"id":"ipip_021","num":21,"key":"+","reverseKeyed":false,"rawValue":null,"scoredValue":null},{"id":"ipip_022","num":22,"key":"+","reverseKeyed":false,"rawValue":null,"scoredValue":null},{"id":"ipip_023","num":23,"key":"+","reverseKeyed":false,"rawValue":null,"scoredValue":null},{"id":"ipip_024","num":24,"key":"-","reverseKeyed":true,"rawValue":null,"scoredValue":null}]}
	2	8e8a8d6d-f224-2095-83d4-53412e0be0e6__trial	8e8a8d6d-f224-2095-83d4-53412e0be0e6	trial	2026-01-30T07:10:26.237Z			2026-02-04T04:48:37.932Z	3				mfq30,hexaco100,svo,ipip120,d70	default	true	ipip120	facet_sum	E1: FRIENDLINESS (.81)		{"mean":null,"items":[{"id":"ipip_025","num":25,"key":"+","reverseKeyed":false,"rawValue":null,"scoredValue":null},{"id":"ipip_026","num":26,"key":"+","reverseKeyed":false,"rawValue":null,"scoredValue":null},{"id":"ipip_027","num":27,"key":"-","reverseKeyed":true,"rawValue":null,"scoredValue":null},{"id":"ipip_028","num":28,"key":"-","reverseKeyed":true,"rawValue":null,"scoredValue":null}]}
	2	8e8a8d6d-f224-2095-83d4-53412e0be0e6__trial	8e8a8d6d-f224-2095-83d4-53412e0be0e6	trial	2026-01-30T07:10:26.237Z			2026-02-04T04:48:37.932Z	3				mfq30,hexaco100,svo,ipip120,d70	default	true	ipip120	facet_mean	E1: FRIENDLINESS (.81)		{"sum":null,"items":[{"id":"ipip_025","num":25,"key":"+","reverseKeyed":false,"rawValue":null,"scoredValue":null},{"id":"ipip_026","num":26,"key":"+","reverseKeyed":false,"rawValue":null,"scoredValue":null},{"id":"ipip_027","num":27,"key":"-","reverseKeyed":true,"rawValue":null,"scoredValue":null},{"id":"ipip_028","num":28,"key":"-","reverseKeyed":true,"rawValue":null,"scoredValue":null}]}
	2	8e8a8d6d-f224-2095-83d4-53412e0be0e6__trial	8e8a8d6d-f224-2095-83d4-53412e0be0e6	trial	2026-01-30T07:10:26.237Z			2026-02-04T04:48:37.932Z	3				mfq30,hexaco100,svo,ipip120,d70	default	true	ipip120	facet_sum	E2: GREGARIOUSNESS (.79)		{"mean":null,"items":[{"id":"ipip_029","num":29,"key":"+","reverseKeyed":false,"rawValue":null,"scoredValue":null},{"id":"ipip_030","num":30,"key":"+","reverseKeyed":false,"rawValue":null,"scoredValue":null},{"id":"ipip_031","num":31,"key":"-","reverseKeyed":true,"rawValue":null,"scoredValue":null},{"id":"ipip_032","num":32,"key":"-","reverseKeyed":true,"rawValue":null,"scoredValue":null}]}
	2	8e8a8d6d-f224-2095-83d4-53412e0be0e6__trial	8e8a8d6d-f224-2095-83d4-53412e0be0e6	trial	2026-01-30T07:10:26.237Z			2026-02-04T04:48:37.932Z	3				mfq30,hexaco100,svo,ipip120,d70	default	true	ipip120	facet_mean	E2: GREGARIOUSNESS (.79)		{"sum":null,"items":[{"id":"ipip_029","num":29,"key":"+","reverseKeyed":false,"rawValue":null,"scoredValue":null},{"id":"ipip_030","num":30,"key":"+","reverseKeyed":false,"rawValue":null,"scoredValue":null},{"id":"ipip_031","num":31,"key":"-","reverseKeyed":true,"rawValue":null,"scoredValue":null},{"id":"ipip_032","num":32,"key":"-","reverseKeyed":true,"rawValue":null,"scoredValue":null}]}
	2	8e8a8d6d-f224-2095-83d4-53412e0be0e6__trial	8e8a8d6d-f224-2095-83d4-53412e0be0e6	trial	2026-01-30T07:10:26.237Z			2026-02-04T04:48:37.932Z	3				mfq30,hexaco100,svo,ipip120,d70	default	true	ipip120	facet_sum	E3: ASSERTIVENESS (.85)		{"mean":null,"items":[{"id":"ipip_033","num":33,"key":"+","reverseKeyed":false,"rawValue":null,"scoredValue":null},{"id":"ipip_034","num":34,"key":"+","reverseKeyed":false,"rawValue":null,"scoredValue":null},{"id":"ipip_035","num":35,"key":"+","reverseKeyed":false,"rawValue":null,"scoredValue":null},{"id":"ipip_036","num":36,"key":"-","reverseKeyed":true,"rawValue":null,"scoredValue":null}]}
	2	8e8a8d6d-f224-2095-83d4-53412e0be0e6__trial	8e8a8d6d-f224-2095-83d4-53412e0be0e6	trial	2026-01-30T07:10:26.237Z			2026-02-04T04:48:37.932Z	3				mfq30,hexaco100,svo,ipip120,d70	default	true	ipip120	facet_mean	E3: ASSERTIVENESS (.85)		{"sum":null,"items":[{"id":"ipip_033","num":33,"key":"+","reverseKeyed":false,"rawValue":null,"scoredValue":null},{"id":"ipip_034","num":34,"key":"+","reverseKeyed":false,"rawValue":null,"scoredValue":null},{"id":"ipip_035","num":35,"key":"+","reverseKeyed":false,"rawValue":null,"scoredValue":null},{"id":"ipip_036","num":36,"key":"-","reverseKeyed":true,"rawValue":null,"scoredValue":null}]}
	2	8e8a8d6d-f224-2095-83d4-53412e0be0e6__trial	8e8a8d6d-f224-2095-83d4-53412e0be0e6	trial	2026-01-30T07:10:26.237Z			2026-02-04T04:48:37.932Z	3				mfq30,hexaco100,svo,ipip120,d70	default	true	ipip120	facet_sum	E4: ACTIVITY LEVEL (.69)		{"mean":null,"items":[{"id":"ipip_037","num":37,"key":"+","reverseKeyed":false,"rawValue":null,"scoredValue":null},{"id":"ipip_038","num":38,"key":"+","reverseKeyed":false,"rawValue":null,"scoredValue":null},{"id":"ipip_039","num":39,"key":"+","reverseKeyed":false,"rawValue":null,"scoredValue":null},{"id":"ipip_040","num":40,"key":"-","reverseKeyed":true,"rawValue":null,"scoredValue":null}]}
	2	8e8a8d6d-f224-2095-83d4-53412e0be0e6__trial	8e8a8d6d-f224-2095-83d4-53412e0be0e6	trial	2026-01-30T07:10:26.237Z			2026-02-04T04:48:37.932Z	3				mfq30,hexaco100,svo,ipip120,d70	default	true	ipip120	facet_mean	E4: ACTIVITY LEVEL (.69)		{"sum":null,"items":[{"id":"ipip_037","num":37,"key":"+","reverseKeyed":false,"rawValue":null,"scoredValue":null},{"id":"ipip_038","num":38,"key":"+","reverseKeyed":false,"rawValue":null,"scoredValue":null},{"id":"ipip_039","num":39,"key":"+","reverseKeyed":false,"rawValue":null,"scoredValue":null},{"id":"ipip_040","num":40,"key":"-","reverseKeyed":true,"rawValue":null,"scoredValue":null}]}
	2	8e8a8d6d-f224-2095-83d4-53412e0be0e6__trial	8e8a8d6d-f224-2095-83d4-53412e0be0e6	trial	2026-01-30T07:10:26.237Z			2026-02-04T04:48:37.932Z	3				mfq30,hexaco100,svo,ipip120,d70	default	true	ipip120	facet_sum	E5: EXCITEMENT-SEEKING (.73)		{"mean":null,"items":[{"id":"ipip_041","num":41,"key":"+","reverseKeyed":false,"rawValue":null,"scoredValue":null},{"id":"ipip_042","num":42,"key":"+","reverseKeyed":false,"rawValue":null,"scoredValue":null},{"id":"ipip_043","num":43,"key":"+","reverseKeyed":false,"rawValue":null,"scoredValue":null},{"id":"ipip_044","num":44,"key":"+","reverseKeyed":false,"rawValue":null,"scoredValue":null}]}
	2	8e8a8d6d-f224-2095-83d4-53412e0be0e6__trial	8e8a8d6d-f224-2095-83d4-53412e0be0e6	trial	2026-01-30T07:10:26.237Z			2026-02-04T04:48:37.932Z	3				mfq30,hexaco100,svo,ipip120,d70	default	true	ipip120	facet_mean	E5: EXCITEMENT-SEEKING (.73)		{"sum":null,"items":[{"id":"ipip_041","num":41,"key":"+","reverseKeyed":false,"rawValue":null,"scoredValue":null},{"id":"ipip_042","num":42,"key":"+","reverseKeyed":false,"rawValue":null,"scoredValue":null},{"id":"ipip_043","num":43,"key":"+","reverseKeyed":false,"rawValue":null,"scoredValue":null},{"id":"ipip_044","num":44,"key":"+","reverseKeyed":false,"rawValue":null,"scoredValue":null}]}
	2	8e8a8d6d-f224-2095-83d4-53412e0be0e6__trial	8e8a8d6d-f224-2095-83d4-53412e0be0e6	trial	2026-01-30T07:10:26.237Z			2026-02-04T04:48:37.932Z	3				mfq30,hexaco100,svo,ipip120,d70	default	true	ipip120	facet_sum	E6: CHEERFULNESS (.79)		{"mean":null,"items":[{"id":"ipip_045","num":45,"key":"+","reverseKeyed":false,"rawValue":null,"scoredValue":null},{"id":"ipip_046","num":46,"key":"+","reverseKeyed":false,"rawValue":null,"scoredValue":null},{"id":"ipip_047","num":47,"key":"+","reverseKeyed":false,"rawValue":null,"scoredValue":null},{"id":"ipip_048","num":48,"key":"+","reverseKeyed":false,"rawValue":null,"scoredValue":null}]}
	2	8e8a8d6d-f224-2095-83d4-53412e0be0e6__trial	8e8a8d6d-f224-2095-83d4-53412e0be0e6	trial	2026-01-30T07:10:26.237Z			2026-02-04T04:48:37.932Z	3				mfq30,hexaco100,svo,ipip120,d70	default	true	ipip120	facet_mean	E6: CHEERFULNESS (.79)		{"sum":null,"items":[{"id":"ipip_045","num":45,"key":"+","reverseKeyed":false,"rawValue":null,"scoredValue":null},{"id":"ipip_046","num":46,"key":"+","reverseKeyed":false,"rawValue":null,"scoredValue":null},{"id":"ipip_047","num":47,"key":"+","reverseKeyed":false,"rawValue":null,"scoredValue":null},{"id":"ipip_048","num":48,"key":"+","reverseKeyed":false,"rawValue":null,"scoredValue":null}]}
	2	8e8a8d6d-f224-2095-83d4-53412e0be0e6__trial	8e8a8d6d-f224-2095-83d4-53412e0be0e6	trial	2026-01-30T07:10:26.237Z			2026-02-04T04:48:37.932Z	3				mfq30,hexaco100,svo,ipip120,d70	default	true	ipip120	facet_sum	O1: IMAGINATION (.74)		{"mean":null,"items":[{"id":"ipip_049","num":49,"key":"+","reverseKeyed":false,"rawValue":null,"scoredValue":null},{"id":"ipip_050","num":50,"key":"+","reverseKeyed":false,"rawValue":null,"scoredValue":null},{"id":"ipip_051","num":51,"key":"+","reverseKeyed":false,"rawValue":null,"scoredValue":null},{"id":"ipip_052","num":52,"key":"+","reverseKeyed":false,"rawValue":null,"scoredValue":null}]}
	2	8e8a8d6d-f224-2095-83d4-53412e0be0e6__trial	8e8a8d6d-f224-2095-83d4-53412e0be0e6	trial	2026-01-30T07:10:26.237Z			2026-02-04T04:48:37.932Z	3				mfq30,hexaco100,svo,ipip120,d70	default	true	ipip120	facet_mean	O1: IMAGINATION (.74)		{"sum":null,"items":[{"id":"ipip_049","num":49,"key":"+","reverseKeyed":false,"rawValue":null,"scoredValue":null},{"id":"ipip_050","num":50,"key":"+","reverseKeyed":false,"rawValue":null,"scoredValue":null},{"id":"ipip_051","num":51,"key":"+","reverseKeyed":false,"rawValue":null,"scoredValue":null},{"id":"ipip_052","num":52,"key":"+","reverseKeyed":false,"rawValue":null,"scoredValue":null}]}
	2	8e8a8d6d-f224-2095-83d4-53412e0be0e6__trial	8e8a8d6d-f224-2095-83d4-53412e0be0e6	trial	2026-01-30T07:10:26.237Z			2026-02-04T04:48:37.932Z	3				mfq30,hexaco100,svo,ipip120,d70	default	true	ipip120	facet_sum	O2: ARTISTIC INTERESTS (.74)		{"mean":null,"items":[{"id":"ipip_053","num":53,"key":"+","reverseKeyed":false,"rawValue":null,"scoredValue":null},{"id":"ipip_054","num":54,"key":"+","reverseKeyed":false,"rawValue":null,"scoredValue":null},{"id":"ipip_055","num":55,"key":"-","reverseKeyed":true,"rawValue":null,"scoredValue":null},{"id":"ipip_056","num":56,"key":"-","reverseKeyed":true,"rawValue":null,"scoredValue":null}]}
	2	8e8a8d6d-f224-2095-83d4-53412e0be0e6__trial	8e8a8d6d-f224-2095-83d4-53412e0be0e6	trial	2026-01-30T07:10:26.237Z			2026-02-04T04:48:37.932Z	3				mfq30,hexaco100,svo,ipip120,d70	default	true	ipip120	facet_mean	O2: ARTISTIC INTERESTS (.74)		{"sum":null,"items":[{"id":"ipip_053","num":53,"key":"+","reverseKeyed":false,"rawValue":null,"scoredValue":null},{"id":"ipip_054","num":54,"key":"+","reverseKeyed":false,"rawValue":null,"scoredValue":null},{"id":"ipip_055","num":55,"key":"-","reverseKeyed":true,"rawValue":null,"scoredValue":null},{"id":"ipip_056","num":56,"key":"-","reverseKeyed":true,"rawValue":null,"scoredValue":null}]}
	2	8e8a8d6d-f224-2095-83d4-53412e0be0e6__trial	8e8a8d6d-f224-2095-83d4-53412e0be0e6	trial	2026-01-30T07:10:26.237Z			2026-02-04T04:48:37.932Z	3				mfq30,hexaco100,svo,ipip120,d70	default	true	ipip120	facet_sum	O3: EMOTIONALITY (.65)		{"mean":null,"items":[{"id":"ipip_057","num":57,"key":"+","reverseKeyed":false,"rawValue":null,"scoredValue":null},{"id":"ipip_058","num":58,"key":"+","reverseKeyed":false,"rawValue":null,"scoredValue":null},{"id":"ipip_059","num":59,"key":"-","reverseKeyed":true,"rawValue":null,"scoredValue":null},{"id":"ipip_060","num":60,"key":"-","reverseKeyed":true,"rawValue":null,"scoredValue":null}]}
	2	8e8a8d6d-f224-2095-83d4-53412e0be0e6__trial	8e8a8d6d-f224-2095-83d4-53412e0be0e6	trial	2026-01-30T07:10:26.237Z			2026-02-04T04:48:37.932Z	3				mfq30,hexaco100,svo,ipip120,d70	default	true	ipip120	facet_mean	O3: EMOTIONALITY (.65)		{"sum":null,"items":[{"id":"ipip_057","num":57,"key":"+","reverseKeyed":false,"rawValue":null,"scoredValue":null},{"id":"ipip_058","num":58,"key":"+","reverseKeyed":false,"rawValue":null,"scoredValue":null},{"id":"ipip_059","num":59,"key":"-","reverseKeyed":true,"rawValue":null,"scoredValue":null},{"id":"ipip_060","num":60,"key":"-","reverseKeyed":true,"rawValue":null,"scoredValue":null}]}
	2	8e8a8d6d-f224-2095-83d4-53412e0be0e6__trial	8e8a8d6d-f224-2095-83d4-53412e0be0e6	trial	2026-01-30T07:10:26.237Z			2026-02-04T04:48:37.932Z	3				mfq30,hexaco100,svo,ipip120,d70	default	true	ipip120	facet_sum	O4: ADVENTUROUSNESS (.70)		{"mean":null,"items":[{"id":"ipip_061","num":61,"key":"+","reverseKeyed":false,"rawValue":null,"scoredValue":null},{"id":"ipip_062","num":62,"key":"-","reverseKeyed":true,"rawValue":null,"scoredValue":null},{"id":"ipip_063","num":63,"key":"-","reverseKeyed":true,"rawValue":null,"scoredValue":null},{"id":"ipip_064","num":64,"key":"-","reverseKeyed":true,"rawValue":null,"scoredValue":null}]}
	2	8e8a8d6d-f224-2095-83d4-53412e0be0e6__trial	8e8a8d6d-f224-2095-83d4-53412e0be0e6	trial	2026-01-30T07:10:26.237Z			2026-02-04T04:48:37.932Z	3				mfq30,hexaco100,svo,ipip120,d70	default	true	ipip120	facet_mean	O4: ADVENTUROUSNESS (.70)		{"sum":null,"items":[{"id":"ipip_061","num":61,"key":"+","reverseKeyed":false,"rawValue":null,"scoredValue":null},{"id":"ipip_062","num":62,"key":"-","reverseKeyed":true,"rawValue":null,"scoredValue":null},{"id":"ipip_063","num":63,"key":"-","reverseKeyed":true,"rawValue":null,"scoredValue":null},{"id":"ipip_064","num":64,"key":"-","reverseKeyed":true,"rawValue":null,"scoredValue":null}]}
	2	8e8a8d6d-f224-2095-83d4-53412e0be0e6__trial	8e8a8d6d-f224-2095-83d4-53412e0be0e6	trial	2026-01-30T07:10:26.237Z			2026-02-04T04:48:37.932Z	3				mfq30,hexaco100,svo,ipip120,d70	default	true	ipip120	facet_sum	O5: INTELLECT (.73)		{"mean":null,"items":[{"id":"ipip_065","num":65,"key":"+","reverseKeyed":false,"rawValue":null,"scoredValue":null},{"id":"ipip_066","num":66,"key":"-","reverseKeyed":true,"rawValue":null,"scoredValue":null},{"id":"ipip_067","num":67,"key":"-","reverseKeyed":true,"rawValue":null,"scoredValue":null},{"id":"ipip_068","num":68,"key":"-","reverseKeyed":true,"rawValue":null,"scoredValue":null}]}
	2	8e8a8d6d-f224-2095-83d4-53412e0be0e6__trial	8e8a8d6d-f224-2095-83d4-53412e0be0e6	trial	2026-01-30T07:10:26.237Z			2026-02-04T04:48:37.932Z	3				mfq30,hexaco100,svo,ipip120,d70	default	true	ipip120	facet_mean	O5: INTELLECT (.73)		{"sum":null,"items":[{"id":"ipip_065","num":65,"key":"+","reverseKeyed":false,"rawValue":null,"scoredValue":null},{"id":"ipip_066","num":66,"key":"-","reverseKeyed":true,"rawValue":null,"scoredValue":null},{"id":"ipip_067","num":67,"key":"-","reverseKeyed":true,"rawValue":null,"scoredValue":null},{"id":"ipip_068","num":68,"key":"-","reverseKeyed":true,"rawValue":null,"scoredValue":null}]}
	2	8e8a8d6d-f224-2095-83d4-53412e0be0e6__trial	8e8a8d6d-f224-2095-83d4-53412e0be0e6	trial	2026-01-30T07:10:26.237Z			2026-02-04T04:48:37.932Z	3				mfq30,hexaco100,svo,ipip120,d70	default	true	ipip120	facet_sum	O6: LIBERALISM (.63)		{"mean":null,"items":[{"id":"ipip_069","num":69,"key":"+","reverseKeyed":false,"rawValue":null,"scoredValue":null},{"id":"ipip_070","num":70,"key":"+","reverseKeyed":false,"rawValue":null,"scoredValue":null},{"id":"ipip_071","num":71,"key":"-","reverseKeyed":true,"rawValue":null,"scoredValue":null},{"id":"ipip_072","num":72,"key":"-","reverseKeyed":true,"rawValue":null,"scoredValue":null}]}
	2	8e8a8d6d-f224-2095-83d4-53412e0be0e6__trial	8e8a8d6d-f224-2095-83d4-53412e0be0e6	trial	2026-01-30T07:10:26.237Z			2026-02-04T04:48:37.932Z	3				mfq30,hexaco100,svo,ipip120,d70	default	true	ipip120	facet_mean	O6: LIBERALISM (.63)		{"sum":null,"items":[{"id":"ipip_069","num":69,"key":"+","reverseKeyed":false,"rawValue":null,"scoredValue":null},{"id":"ipip_070","num":70,"key":"+","reverseKeyed":false,"rawValue":null,"scoredValue":null},{"id":"ipip_071","num":71,"key":"-","reverseKeyed":true,"rawValue":null,"scoredValue":null},{"id":"ipip_072","num":72,"key":"-","reverseKeyed":true,"rawValue":null,"scoredValue":null}]}
	2	8e8a8d6d-f224-2095-83d4-53412e0be0e6__trial	8e8a8d6d-f224-2095-83d4-53412e0be0e6	trial	2026-01-30T07:10:26.237Z			2026-02-04T04:48:37.932Z	3				mfq30,hexaco100,svo,ipip120,d70	default	true	ipip120	facet_sum	A1: TRUST (.85)		{"mean":null,"items":[{"id":"ipip_073","num":73,"key":"+","reverseKeyed":false,"rawValue":null,"scoredValue":null},{"id":"ipip_074","num":74,"key":"+","reverseKeyed":false,"rawValue":null,"scoredValue":null},{"id":"ipip_075","num":75,"key":"+","reverseKeyed":false,"rawValue":null,"scoredValue":null},{"id":"ipip_076","num":76,"key":"-","reverseKeyed":true,"rawValue":null,"scoredValue":null}]}
	2	8e8a8d6d-f224-2095-83d4-53412e0be0e6__trial	8e8a8d6d-f224-2095-83d4-53412e0be0e6	trial	2026-01-30T07:10:26.237Z			2026-02-04T04:48:37.932Z	3				mfq30,hexaco100,svo,ipip120,d70	default	true	ipip120	facet_mean	A1: TRUST (.85)		{"sum":null,"items":[{"id":"ipip_073","num":73,"key":"+","reverseKeyed":false,"rawValue":null,"scoredValue":null},{"id":"ipip_074","num":74,"key":"+","reverseKeyed":false,"rawValue":null,"scoredValue":null},{"id":"ipip_075","num":75,"key":"+","reverseKeyed":false,"rawValue":null,"scoredValue":null},{"id":"ipip_076","num":76,"key":"-","reverseKeyed":true,"rawValue":null,"scoredValue":null}]}
	2	8e8a8d6d-f224-2095-83d4-53412e0be0e6__trial	8e8a8d6d-f224-2095-83d4-53412e0be0e6	trial	2026-01-30T07:10:26.237Z			2026-02-04T04:48:37.932Z	3				mfq30,hexaco100,svo,ipip120,d70	default	true	ipip120	facet_sum	A2: MORALITY (.74)		{"mean":null,"items":[{"id":"ipip_077","num":77,"key":"-","reverseKeyed":true,"rawValue":null,"scoredValue":null},{"id":"ipip_078","num":78,"key":"-","reverseKeyed":true,"rawValue":null,"scoredValue":null},{"id":"ipip_079","num":79,"key":"-","reverseKeyed":true,"rawValue":null,"scoredValue":null},{"id":"ipip_080","num":80,"key":"-","reverseKeyed":true,"rawValue":null,"scoredValue":null}]}
	2	8e8a8d6d-f224-2095-83d4-53412e0be0e6__trial	8e8a8d6d-f224-2095-83d4-53412e0be0e6	trial	2026-01-30T07:10:26.237Z			2026-02-04T04:48:37.932Z	3				mfq30,hexaco100,svo,ipip120,d70	default	true	ipip120	facet_mean	A2: MORALITY (.74)		{"sum":null,"items":[{"id":"ipip_077","num":77,"key":"-","reverseKeyed":true,"rawValue":null,"scoredValue":null},{"id":"ipip_078","num":78,"key":"-","reverseKeyed":true,"rawValue":null,"scoredValue":null},{"id":"ipip_079","num":79,"key":"-","reverseKeyed":true,"rawValue":null,"scoredValue":null},{"id":"ipip_080","num":80,"key":"-","reverseKeyed":true,"rawValue":null,"scoredValue":null}]}
	2	8e8a8d6d-f224-2095-83d4-53412e0be0e6__trial	8e8a8d6d-f224-2095-83d4-53412e0be0e6	trial	2026-01-30T07:10:26.237Z			2026-02-04T04:48:37.932Z	3				mfq30,hexaco100,svo,ipip120,d70	default	true	ipip120	facet_sum	A3: ALTRUISM (.73)		{"mean":null,"items":[{"id":"ipip_081","num":81,"key":"+","reverseKeyed":false,"rawValue":null,"scoredValue":null},{"id":"ipip_082","num":82,"key":"+","reverseKeyed":false,"rawValue":null,"scoredValue":null},{"id":"ipip_083","num":83,"key":"-","reverseKeyed":true,"rawValue":null,"scoredValue":null},{"id":"ipip_084","num":84,"key":"-","reverseKeyed":true,"rawValue":null,"scoredValue":null}]}
	2	8e8a8d6d-f224-2095-83d4-53412e0be0e6__trial	8e8a8d6d-f224-2095-83d4-53412e0be0e6	trial	2026-01-30T07:10:26.237Z			2026-02-04T04:48:37.932Z	3				mfq30,hexaco100,svo,ipip120,d70	default	true	ipip120	facet_mean	A3: ALTRUISM (.73)		{"sum":null,"items":[{"id":"ipip_081","num":81,"key":"+","reverseKeyed":false,"rawValue":null,"scoredValue":null},{"id":"ipip_082","num":82,"key":"+","reverseKeyed":false,"rawValue":null,"scoredValue":null},{"id":"ipip_083","num":83,"key":"-","reverseKeyed":true,"rawValue":null,"scoredValue":null},{"id":"ipip_084","num":84,"key":"-","reverseKeyed":true,"rawValue":null,"scoredValue":null}]}
	2	8e8a8d6d-f224-2095-83d4-53412e0be0e6__trial	8e8a8d6d-f224-2095-83d4-53412e0be0e6	trial	2026-01-30T07:10:26.237Z			2026-02-04T04:48:37.932Z	3				mfq30,hexaco100,svo,ipip120,d70	default	true	ipip120	facet_sum	A4: COOPERATION (.71)		{"mean":null,"items":[{"id":"ipip_085","num":85,"key":"-","reverseKeyed":true,"rawValue":null,"scoredValue":null},{"id":"ipip_086","num":86,"key":"-","reverseKeyed":true,"rawValue":null,"scoredValue":null},{"id":"ipip_087","num":87,"key":"-","reverseKeyed":true,"rawValue":null,"scoredValue":null},{"id":"ipip_088","num":88,"key":"-","reverseKeyed":true,"rawValue":null,"scoredValue":null}]}
	2	8e8a8d6d-f224-2095-83d4-53412e0be0e6__trial	8e8a8d6d-f224-2095-83d4-53412e0be0e6	trial	2026-01-30T07:10:26.237Z			2026-02-04T04:48:37.932Z	3				mfq30,hexaco100,svo,ipip120,d70	default	true	ipip120	facet_mean	A4: COOPERATION (.71)		{"sum":null,"items":[{"id":"ipip_085","num":85,"key":"-","reverseKeyed":true,"rawValue":null,"scoredValue":null},{"id":"ipip_086","num":86,"key":"-","reverseKeyed":true,"rawValue":null,"scoredValue":null},{"id":"ipip_087","num":87,"key":"-","reverseKeyed":true,"rawValue":null,"scoredValue":null},{"id":"ipip_088","num":88,"key":"-","reverseKeyed":true,"rawValue":null,"scoredValue":null}]}
	2	8e8a8d6d-f224-2095-83d4-53412e0be0e6__trial	8e8a8d6d-f224-2095-83d4-53412e0be0e6	trial	2026-01-30T07:10:26.237Z			2026-02-04T04:48:37.932Z	3				mfq30,hexaco100,svo,ipip120,d70	default	true	ipip120	facet_sum	A5: MODESTY (.73)		{"mean":null,"items":[{"id":"ipip_089","num":89,"key":"-","reverseKeyed":true,"rawValue":null,"scoredValue":null},{"id":"ipip_090","num":90,"key":"-","reverseKeyed":true,"rawValue":null,"scoredValue":null},{"id":"ipip_091","num":91,"key":"-","reverseKeyed":true,"rawValue":null,"scoredValue":null},{"id":"ipip_092","num":92,"key":"-","reverseKeyed":true,"rawValue":null,"scoredValue":null}]}
	2	8e8a8d6d-f224-2095-83d4-53412e0be0e6__trial	8e8a8d6d-f224-2095-83d4-53412e0be0e6	trial	2026-01-30T07:10:26.237Z			2026-02-04T04:48:37.932Z	3				mfq30,hexaco100,svo,ipip120,d70	default	true	ipip120	facet_mean	A5: MODESTY (.73)		{"sum":null,"items":[{"id":"ipip_089","num":89,"key":"-","reverseKeyed":true,"rawValue":null,"scoredValue":null},{"id":"ipip_090","num":90,"key":"-","reverseKeyed":true,"rawValue":null,"scoredValue":null},{"id":"ipip_091","num":91,"key":"-","reverseKeyed":true,"rawValue":null,"scoredValue":null},{"id":"ipip_092","num":92,"key":"-","reverseKeyed":true,"rawValue":null,"scoredValue":null}]}
	2	8e8a8d6d-f224-2095-83d4-53412e0be0e6__trial	8e8a8d6d-f224-2095-83d4-53412e0be0e6	trial	2026-01-30T07:10:26.237Z			2026-02-04T04:48:37.932Z	3				mfq30,hexaco100,svo,ipip120,d70	default	true	ipip120	facet_sum	A6: SYMPATHY (.72)		{"mean":null,"items":[{"id":"ipip_093","num":93,"key":"+","reverseKeyed":false,"rawValue":null,"scoredValue":null},{"id":"ipip_094","num":94,"key":"+","reverseKeyed":false,"rawValue":null,"scoredValue":null},{"id":"ipip_095","num":95,"key":"-","reverseKeyed":true,"rawValue":null,"scoredValue":null},{"id":"ipip_096","num":96,"key":"-","reverseKeyed":true,"rawValue":null,"scoredValue":null}]}
	2	8e8a8d6d-f224-2095-83d4-53412e0be0e6__trial	8e8a8d6d-f224-2095-83d4-53412e0be0e6	trial	2026-01-30T07:10:26.237Z			2026-02-04T04:48:37.932Z	3				mfq30,hexaco100,svo,ipip120,d70	default	true	ipip120	facet_mean	A6: SYMPATHY (.72)		{"sum":null,"items":[{"id":"ipip_093","num":93,"key":"+","reverseKeyed":false,"rawValue":null,"scoredValue":null},{"id":"ipip_094","num":94,"key":"+","reverseKeyed":false,"rawValue":null,"scoredValue":null},{"id":"ipip_095","num":95,"key":"-","reverseKeyed":true,"rawValue":null,"scoredValue":null},{"id":"ipip_096","num":96,"key":"-","reverseKeyed":true,"rawValue":null,"scoredValue":null}]}
	2	8e8a8d6d-f224-2095-83d4-53412e0be0e6__trial	8e8a8d6d-f224-2095-83d4-53412e0be0e6	trial	2026-01-30T07:10:26.237Z			2026-02-04T04:48:37.932Z	3				mfq30,hexaco100,svo,ipip120,d70	default	true	ipip120	facet_sum	C1: SELF-EFFICACY (.77)		{"mean":null,"items":[{"id":"ipip_097","num":97,"key":"+","reverseKeyed":false,"rawValue":null,"scoredValue":null},{"id":"ipip_098","num":98,"key":"+","reverseKeyed":false,"rawValue":null,"scoredValue":null},{"id":"ipip_099","num":99,"key":"+","reverseKeyed":false,"rawValue":null,"scoredValue":null},{"id":"ipip_100","num":100,"key":"+","reverseKeyed":false,"rawValue":null,"scoredValue":null}]}
	2	8e8a8d6d-f224-2095-83d4-53412e0be0e6__trial	8e8a8d6d-f224-2095-83d4-53412e0be0e6	trial	2026-01-30T07:10:26.237Z			2026-02-04T04:48:37.932Z	3				mfq30,hexaco100,svo,ipip120,d70	default	true	ipip120	facet_mean	C1: SELF-EFFICACY (.77)		{"sum":null,"items":[{"id":"ipip_097","num":97,"key":"+","reverseKeyed":false,"rawValue":null,"scoredValue":null},{"id":"ipip_098","num":98,"key":"+","reverseKeyed":false,"rawValue":null,"scoredValue":null},{"id":"ipip_099","num":99,"key":"+","reverseKeyed":false,"rawValue":null,"scoredValue":null},{"id":"ipip_100","num":100,"key":"+","reverseKeyed":false,"rawValue":null,"scoredValue":null}]}
	2	8e8a8d6d-f224-2095-83d4-53412e0be0e6__trial	8e8a8d6d-f224-2095-83d4-53412e0be0e6	trial	2026-01-30T07:10:26.237Z			2026-02-04T04:48:37.932Z	3				mfq30,hexaco100,svo,ipip120,d70	default	true	ipip120	facet_sum	C2: ORDERLINESS (.83)		{"mean":null,"items":[{"id":"ipip_101","num":101,"key":"+","reverseKeyed":false,"rawValue":null,"scoredValue":null},{"id":"ipip_102","num":102,"key":"-","reverseKeyed":true,"rawValue":null,"scoredValue":null},{"id":"ipip_103","num":103,"key":"-","reverseKeyed":true,"rawValue":null,"scoredValue":null},{"id":"ipip_104","num":104,"key":"-","reverseKeyed":true,"rawValue":null,"scoredValue":null}]}
	2	8e8a8d6d-f224-2095-83d4-53412e0be0e6__trial	8e8a8d6d-f224-2095-83d4-53412e0be0e6	trial	2026-01-30T07:10:26.237Z			2026-02-04T04:48:37.932Z	3				mfq30,hexaco100,svo,ipip120,d70	default	true	ipip120	facet_mean	C2: ORDERLINESS (.83)		{"sum":null,"items":[{"id":"ipip_101","num":101,"key":"+","reverseKeyed":false,"rawValue":null,"scoredValue":null},{"id":"ipip_102","num":102,"key":"-","reverseKeyed":true,"rawValue":null,"scoredValue":null},{"id":"ipip_103","num":103,"key":"-","reverseKeyed":true,"rawValue":null,"scoredValue":null},{"id":"ipip_104","num":104,"key":"-","reverseKeyed":true,"rawValue":null,"scoredValue":null}]}
	2	8e8a8d6d-f224-2095-83d4-53412e0be0e6__trial	8e8a8d6d-f224-2095-83d4-53412e0be0e6	trial	2026-01-30T07:10:26.237Z			2026-02-04T04:48:37.932Z	3				mfq30,hexaco100,svo,ipip120,d70	default	true	ipip120	facet_sum	C3: DUTIFULNESS (.67)		{"mean":null,"items":[{"id":"ipip_105","num":105,"key":"+","reverseKeyed":false,"rawValue":null,"scoredValue":null},{"id":"ipip_106","num":106,"key":"+","reverseKeyed":false,"rawValue":null,"scoredValue":null},{"id":"ipip_107","num":107,"key":"-","reverseKeyed":true,"rawValue":null,"scoredValue":null},{"id":"ipip_108","num":108,"key":"-","reverseKeyed":true,"rawValue":null,"scoredValue":null}]}
	2	8e8a8d6d-f224-2095-83d4-53412e0be0e6__trial	8e8a8d6d-f224-2095-83d4-53412e0be0e6	trial	2026-01-30T07:10:26.237Z			2026-02-04T04:48:37.932Z	3				mfq30,hexaco100,svo,ipip120,d70	default	true	ipip120	facet_mean	C3: DUTIFULNESS (.67)		{"sum":null,"items":[{"id":"ipip_105","num":105,"key":"+","reverseKeyed":false,"rawValue":null,"scoredValue":null},{"id":"ipip_106","num":106,"key":"+","reverseKeyed":false,"rawValue":null,"scoredValue":null},{"id":"ipip_107","num":107,"key":"-","reverseKeyed":true,"rawValue":null,"scoredValue":null},{"id":"ipip_108","num":108,"key":"-","reverseKeyed":true,"rawValue":null,"scoredValue":null}]}
	2	8e8a8d6d-f224-2095-83d4-53412e0be0e6__trial	8e8a8d6d-f224-2095-83d4-53412e0be0e6	trial	2026-01-30T07:10:26.237Z			2026-02-04T04:48:37.932Z	3				mfq30,hexaco100,svo,ipip120,d70	default	true	ipip120	facet_sum	C4: ACHIEVEMENT-STRIVING (.79)		{"mean":null,"items":[{"id":"ipip_109","num":109,"key":"+","reverseKeyed":false,"rawValue":null,"scoredValue":null},{"id":"ipip_110","num":110,"key":"+","reverseKeyed":false,"rawValue":null,"scoredValue":null},{"id":"ipip_111","num":111,"key":"-","reverseKeyed":true,"rawValue":null,"scoredValue":null},{"id":"ipip_112","num":112,"key":"-","reverseKeyed":true,"rawValue":null,"scoredValue":null}]}
	2	8e8a8d6d-f224-2095-83d4-53412e0be0e6__trial	8e8a8d6d-f224-2095-83d4-53412e0be0e6	trial	2026-01-30T07:10:26.237Z			2026-02-04T04:48:37.932Z	3				mfq30,hexaco100,svo,ipip120,d70	default	true	ipip120	facet_mean	C4: ACHIEVEMENT-STRIVING (.79)		{"sum":null,"items":[{"id":"ipip_109","num":109,"key":"+","reverseKeyed":false,"rawValue":null,"scoredValue":null},{"id":"ipip_110","num":110,"key":"+","reverseKeyed":false,"rawValue":null,"scoredValue":null},{"id":"ipip_111","num":111,"key":"-","reverseKeyed":true,"rawValue":null,"scoredValue":null},{"id":"ipip_112","num":112,"key":"-","reverseKeyed":true,"rawValue":null,"scoredValue":null}]}
	2	8e8a8d6d-f224-2095-83d4-53412e0be0e6__trial	8e8a8d6d-f224-2095-83d4-53412e0be0e6	trial	2026-01-30T07:10:26.237Z			2026-02-04T04:48:37.932Z	3				mfq30,hexaco100,svo,ipip120,d70	default	true	ipip120	facet_sum	C5: SELF-DISCIPLINE (.71)		{"mean":null,"items":[{"id":"ipip_113","num":113,"key":"+","reverseKeyed":false,"rawValue":null,"scoredValue":null},{"id":"ipip_114","num":114,"key":"+","reverseKeyed":false,"rawValue":null,"scoredValue":null},{"id":"ipip_115","num":115,"key":"-","reverseKeyed":true,"rawValue":null,"scoredValue":null},{"id":"ipip_116","num":116,"key":"-","reverseKeyed":true,"rawValue":null,"scoredValue":null}]}
	2	8e8a8d6d-f224-2095-83d4-53412e0be0e6__trial	8e8a8d6d-f224-2095-83d4-53412e0be0e6	trial	2026-01-30T07:10:26.237Z			2026-02-04T04:48:37.932Z	3				mfq30,hexaco100,svo,ipip120,d70	default	true	ipip120	facet_mean	C5: SELF-DISCIPLINE (.71)		{"sum":null,"items":[{"id":"ipip_113","num":113,"key":"+","reverseKeyed":false,"rawValue":null,"scoredValue":null},{"id":"ipip_114","num":114,"key":"+","reverseKeyed":false,"rawValue":null,"scoredValue":null},{"id":"ipip_115","num":115,"key":"-","reverseKeyed":true,"rawValue":null,"scoredValue":null},{"id":"ipip_116","num":116,"key":"-","reverseKeyed":true,"rawValue":null,"scoredValue":null}]}
	2	8e8a8d6d-f224-2095-83d4-53412e0be0e6__trial	8e8a8d6d-f224-2095-83d4-53412e0be0e6	trial	2026-01-30T07:10:26.237Z			2026-02-04T04:48:37.932Z	3				mfq30,hexaco100,svo,ipip120,d70	default	true	ipip120	facet_sum	C6: CAUTIOUSNESS (.88)		{"mean":null,"items":[{"id":"ipip_117","num":117,"key":"-","reverseKeyed":true,"rawValue":null,"scoredValue":null},{"id":"ipip_118","num":118,"key":"-","reverseKeyed":true,"rawValue":null,"scoredValue":null},{"id":"ipip_119","num":119,"key":"-","reverseKeyed":true,"rawValue":null,"scoredValue":null},{"id":"ipip_120","num":120,"key":"-","reverseKeyed":true,"rawValue":null,"scoredValue":null}]}
	2	8e8a8d6d-f224-2095-83d4-53412e0be0e6__trial	8e8a8d6d-f224-2095-83d4-53412e0be0e6	trial	2026-01-30T07:10:26.237Z			2026-02-04T04:48:37.932Z	3				mfq30,hexaco100,svo,ipip120,d70	default	true	ipip120	facet_mean	C6: CAUTIOUSNESS (.88)		{"sum":null,"items":[{"id":"ipip_117","num":117,"key":"-","reverseKeyed":true,"rawValue":null,"scoredValue":null},{"id":"ipip_118","num":118,"key":"-","reverseKeyed":true,"rawValue":null,"scoredValue":null},{"id":"ipip_119","num":119,"key":"-","reverseKeyed":true,"rawValue":null,"scoredValue":null},{"id":"ipip_120","num":120,"key":"-","reverseKeyed":true,"rawValue":null,"scoredValue":null}]}
	2	8e8a8d6d-f224-2095-83d4-53412e0be0e6__trial	8e8a8d6d-f224-2095-83d4-53412e0be0e6	trial	2026-01-30T07:10:26.237Z			2026-02-04T04:48:37.932Z	3				mfq30,hexaco100,svo,ipip120,d70	default	true	ipip120	domain_sum	N		{"mean":null,"nItems":24,"facets":{"N1: ANXIETY(Alpha = .78)":null,"N2: ANGER (.87)":null,"N3: DEPRESSION (.85)":null,"N4: SELF-CONSCIOUSNESS (.70)":null,"N5: IMMODERATION (.69)":null,"N6: VULNERABILITY (.76)":null}}
	2	8e8a8d6d-f224-2095-83d4-53412e0be0e6__trial	8e8a8d6d-f224-2095-83d4-53412e0be0e6	trial	2026-01-30T07:10:26.237Z			2026-02-04T04:48:37.932Z	3				mfq30,hexaco100,svo,ipip120,d70	default	true	ipip120	domain_mean	N		{"sum":null,"nItems":24,"facets":{"N1: ANXIETY(Alpha = .78)":null,"N2: ANGER (.87)":null,"N3: DEPRESSION (.85)":null,"N4: SELF-CONSCIOUSNESS (.70)":null,"N5: IMMODERATION (.69)":null,"N6: VULNERABILITY (.76)":null}}
	2	8e8a8d6d-f224-2095-83d4-53412e0be0e6__trial	8e8a8d6d-f224-2095-83d4-53412e0be0e6	trial	2026-01-30T07:10:26.237Z			2026-02-04T04:48:37.932Z	3				mfq30,hexaco100,svo,ipip120,d70	default	true	ipip120	domain_sum	E		{"mean":null,"nItems":24,"facets":{"E1: FRIENDLINESS (.81)":null,"E2: GREGARIOUSNESS (.79)":null,"E3: ASSERTIVENESS (.85)":null,"E4: ACTIVITY LEVEL (.69)":null,"E5: EXCITEMENT-SEEKING (.73)":null,"E6: CHEERFULNESS (.79)":null}}
	2	8e8a8d6d-f224-2095-83d4-53412e0be0e6__trial	8e8a8d6d-f224-2095-83d4-53412e0be0e6	trial	2026-01-30T07:10:26.237Z			2026-02-04T04:48:37.932Z	3				mfq30,hexaco100,svo,ipip120,d70	default	true	ipip120	domain_mean	E		{"sum":null,"nItems":24,"facets":{"E1: FRIENDLINESS (.81)":null,"E2: GREGARIOUSNESS (.79)":null,"E3: ASSERTIVENESS (.85)":null,"E4: ACTIVITY LEVEL (.69)":null,"E5: EXCITEMENT-SEEKING (.73)":null,"E6: CHEERFULNESS (.79)":null}}
	2	8e8a8d6d-f224-2095-83d4-53412e0be0e6__trial	8e8a8d6d-f224-2095-83d4-53412e0be0e6	trial	2026-01-30T07:10:26.237Z			2026-02-04T04:48:37.932Z	3				mfq30,hexaco100,svo,ipip120,d70	default	true	ipip120	domain_sum	O		{"mean":null,"nItems":24,"facets":{"O1: IMAGINATION (.74)":null,"O2: ARTISTIC INTERESTS (.74)":null,"O3: EMOTIONALITY (.65)":null,"O4: ADVENTUROUSNESS (.70)":null,"O5: INTELLECT (.73)":null,"O6: LIBERALISM (.63)":null}}
	2	8e8a8d6d-f224-2095-83d4-53412e0be0e6__trial	8e8a8d6d-f224-2095-83d4-53412e0be0e6	trial	2026-01-30T07:10:26.237Z			2026-02-04T04:48:37.932Z	3				mfq30,hexaco100,svo,ipip120,d70	default	true	ipip120	domain_mean	O		{"sum":null,"nItems":24,"facets":{"O1: IMAGINATION (.74)":null,"O2: ARTISTIC INTERESTS (.74)":null,"O3: EMOTIONALITY (.65)":null,"O4: ADVENTUROUSNESS (.70)":null,"O5: INTELLECT (.73)":null,"O6: LIBERALISM (.63)":null}}
	2	8e8a8d6d-f224-2095-83d4-53412e0be0e6__trial	8e8a8d6d-f224-2095-83d4-53412e0be0e6	trial	2026-01-30T07:10:26.237Z			2026-02-04T04:48:37.932Z	3				mfq30,hexaco100,svo,ipip120,d70	default	true	ipip120	domain_sum	A		{"mean":null,"nItems":24,"facets":{"A1: TRUST (.85)":null,"A2: MORALITY (.74)":null,"A3: ALTRUISM (.73)":null,"A4: COOPERATION (.71)":null,"A5: MODESTY (.73)":null,"A6: SYMPATHY (.72)":null}}
	2	8e8a8d6d-f224-2095-83d4-53412e0be0e6__trial	8e8a8d6d-f224-2095-83d4-53412e0be0e6	trial	2026-01-30T07:10:26.237Z			2026-02-04T04:48:37.932Z	3				mfq30,hexaco100,svo,ipip120,d70	default	true	ipip120	domain_mean	A		{"sum":null,"nItems":24,"facets":{"A1: TRUST (.85)":null,"A2: MORALITY (.74)":null,"A3: ALTRUISM (.73)":null,"A4: COOPERATION (.71)":null,"A5: MODESTY (.73)":null,"A6: SYMPATHY (.72)":null}}
	2	8e8a8d6d-f224-2095-83d4-53412e0be0e6__trial	8e8a8d6d-f224-2095-83d4-53412e0be0e6	trial	2026-01-30T07:10:26.237Z			2026-02-04T04:48:37.932Z	3				mfq30,hexaco100,svo,ipip120,d70	default	true	ipip120	domain_sum	C		{"mean":null,"nItems":24,"facets":{"C1: SELF-EFFICACY (.77)":null,"C2: ORDERLINESS (.83)":null,"C3: DUTIFULNESS (.67)":null,"C4: ACHIEVEMENT-STRIVING (.79)":null,"C5: SELF-DISCIPLINE (.71)":null,"C6: CAUTIOUSNESS (.88)":null}}
	2	8e8a8d6d-f224-2095-83d4-53412e0be0e6__trial	8e8a8d6d-f224-2095-83d4-53412e0be0e6	trial	2026-01-30T07:10:26.237Z			2026-02-04T04:48:37.932Z	3				mfq30,hexaco100,svo,ipip120,d70	default	true	ipip120	domain_mean	C		{"sum":null,"nItems":24,"facets":{"C1: SELF-EFFICACY (.77)":null,"C2: ORDERLINESS (.83)":null,"C3: DUTIFULNESS (.67)":null,"C4: ACHIEVEMENT-STRIVING (.79)":null,"C5: SELF-DISCIPLINE (.71)":null,"C6: CAUTIOUSNESS (.88)":null}}
	2	8e8a8d6d-f224-2095-83d4-53412e0be0e6__trial	8e8a8d6d-f224-2095-83d4-53412e0be0e6	trial	2026-01-30T07:10:26.237Z			2026-02-04T04:48:37.932Z	3				mfq30,hexaco100,svo,ipip120,d70	default	true	mfq30	foundation_sum_combined	Harm		{"part1_sum":null,"part2_sum":null,"part1_mean":null,"part2_mean":null,"items":[{"var":"EMOTIONALLY","id":"mfq_p1_01","num":1,"scoredItem":true,"value":null},{"var":"WEAK","id":"mfq_p1_07","num":7,"scoredItem":true,"value":null},{"var":"CRUEL","id":"mfq_p1_12","num":12,"scoredItem":true,"value":null},{"var":"COMPASSION","id":"mfq_p2_01","num":1,"scoredItem":true,"value":null},{"var":"ANIMAL","id":"mfq_p2_07","num":7,"scoredItem":true,"value":null},{"var":"KILL","id":"mfq_p2_12","num":12,"scoredItem":true,"value":null}]}
	2	8e8a8d6d-f224-2095-83d4-53412e0be0e6__trial	8e8a8d6d-f224-2095-83d4-53412e0be0e6	trial	2026-01-30T07:10:26.237Z			2026-02-04T04:48:37.932Z	3				mfq30,hexaco100,svo,ipip120,d70	default	true	mfq30	foundation_mean_combined	Harm		{"part1_mean":null,"part2_mean":null,"part1_sum":null,"part2_sum":null,"items":[{"var":"EMOTIONALLY","id":"mfq_p1_01","num":1,"scoredItem":true,"value":null},{"var":"WEAK","id":"mfq_p1_07","num":7,"scoredItem":true,"value":null},{"var":"CRUEL","id":"mfq_p1_12","num":12,"scoredItem":true,"value":null},{"var":"COMPASSION","id":"mfq_p2_01","num":1,"scoredItem":true,"value":null},{"var":"ANIMAL","id":"mfq_p2_07","num":7,"scoredItem":true,"value":null},{"var":"KILL","id":"mfq_p2_12","num":12,"scoredItem":true,"value":null}]}
	2	8e8a8d6d-f224-2095-83d4-53412e0be0e6__trial	8e8a8d6d-f224-2095-83d4-53412e0be0e6	trial	2026-01-30T07:10:26.237Z			2026-02-04T04:48:37.932Z	3				mfq30,hexaco100,svo,ipip120,d70	default	true	mfq30	foundation_sum_combined	Fairness		{"part1_sum":null,"part2_sum":null,"part1_mean":null,"part2_mean":null,"items":[{"var":"TREATED","id":"mfq_p1_02","num":2,"scoredItem":true,"value":null},{"var":"UNFAIRLY","id":"mfq_p1_08","num":8,"scoredItem":true,"value":null},{"var":"RIGHTS","id":"mfq_p1_13","num":13,"scoredItem":true,"value":null},{"var":"FAIRLY","id":"mfq_p2_02","num":2,"scoredItem":true,"value":null},{"var":"JUSTICE","id":"mfq_p2_08","num":8,"scoredItem":true,"value":null},{"var":"RICH","id":"mfq_p2_13","num":13,"scoredItem":true,"value":null}]}
	2	8e8a8d6d-f224-2095-83d4-53412e0be0e6__trial	8e8a8d6d-f224-2095-83d4-53412e0be0e6	trial	2026-01-30T07:10:26.237Z			2026-02-04T04:48:37.932Z	3				mfq30,hexaco100,svo,ipip120,d70	default	true	mfq30	foundation_mean_combined	Fairness		{"part1_mean":null,"part2_mean":null,"part1_sum":null,"part2_sum":null,"items":[{"var":"TREATED","id":"mfq_p1_02","num":2,"scoredItem":true,"value":null},{"var":"UNFAIRLY","id":"mfq_p1_08","num":8,"scoredItem":true,"value":null},{"var":"RIGHTS","id":"mfq_p1_13","num":13,"scoredItem":true,"value":null},{"var":"FAIRLY","id":"mfq_p2_02","num":2,"scoredItem":true,"value":null},{"var":"JUSTICE","id":"mfq_p2_08","num":8,"scoredItem":true,"value":null},{"var":"RICH","id":"mfq_p2_13","num":13,"scoredItem":true,"value":null}]}
	2	8e8a8d6d-f224-2095-83d4-53412e0be0e6__trial	8e8a8d6d-f224-2095-83d4-53412e0be0e6	trial	2026-01-30T07:10:26.237Z			2026-02-04T04:48:37.932Z	3				mfq30,hexaco100,svo,ipip120,d70	default	true	mfq30	foundation_sum_combined	Ingroup		{"part1_sum":null,"part2_sum":null,"part1_mean":null,"part2_mean":null,"items":[{"var":"LOVECOUNTRY","id":"mfq_p1_03","num":3,"scoredItem":true,"value":null},{"var":"BETRAY","id":"mfq_p1_09","num":9,"scoredItem":true,"value":null},{"var":"LOYALTY","id":"mfq_p1_14","num":14,"scoredItem":true,"value":null},{"var":"HISTORY","id":"mfq_p2_03","num":3,"scoredItem":true,"value":null},{"var":"FAMILY","id":"mfq_p2_09","num":9,"scoredItem":true,"value":null},{"var":"TEAM","id":"mfq_p2_14","num":14,"scoredItem":true,"value":null}]}
	2	8e8a8d6d-f224-2095-83d4-53412e0be0e6__trial	8e8a8d6d-f224-2095-83d4-53412e0be0e6	trial	2026-01-30T07:10:26.237Z			2026-02-04T04:48:37.932Z	3				mfq30,hexaco100,svo,ipip120,d70	default	true	mfq30	foundation_mean_combined	Ingroup		{"part1_mean":null,"part2_mean":null,"part1_sum":null,"part2_sum":null,"items":[{"var":"LOVECOUNTRY","id":"mfq_p1_03","num":3,"scoredItem":true,"value":null},{"var":"BETRAY","id":"mfq_p1_09","num":9,"scoredItem":true,"value":null},{"var":"LOYALTY","id":"mfq_p1_14","num":14,"scoredItem":true,"value":null},{"var":"HISTORY","id":"mfq_p2_03","num":3,"scoredItem":true,"value":null},{"var":"FAMILY","id":"mfq_p2_09","num":9,"scoredItem":true,"value":null},{"var":"TEAM","id":"mfq_p2_14","num":14,"scoredItem":true,"value":null}]}
	2	8e8a8d6d-f224-2095-83d4-53412e0be0e6__trial	8e8a8d6d-f224-2095-83d4-53412e0be0e6	trial	2026-01-30T07:10:26.237Z			2026-02-04T04:48:37.932Z	3				mfq30,hexaco100,svo,ipip120,d70	default	true	mfq30	foundation_sum_combined	Authority		{"part1_sum":null,"part2_sum":null,"part1_mean":null,"part2_mean":null,"items":[{"var":"RESPECT","id":"mfq_p1_04","num":4,"scoredItem":true,"value":null},{"var":"TRADITIONS","id":"mfq_p1_10","num":10,"scoredItem":true,"value":null},{"var":"CHAOS","id":"mfq_p1_15","num":15,"scoredItem":true,"value":null},{"var":"KIDRESPECT","id":"mfq_p2_04","num":4,"scoredItem":true,"value":null},{"var":"SEXROLES","id":"mfq_p2_10","num":10,"scoredItem":true,"value":null},{"var":"SOLDIER","id":"mfq_p2_15","num":15,"scoredItem":true,"value":null}]}
	2	8e8a8d6d-f224-2095-83d4-53412e0be0e6__trial	8e8a8d6d-f224-2095-83d4-53412e0be0e6	trial	2026-01-30T07:10:26.237Z			2026-02-04T04:48:37.932Z	3				mfq30,hexaco100,svo,ipip120,d70	default	true	mfq30	foundation_mean_combined	Authority		{"part1_mean":null,"part2_mean":null,"part1_sum":null,"part2_sum":null,"items":[{"var":"RESPECT","id":"mfq_p1_04","num":4,"scoredItem":true,"value":null},{"var":"TRADITIONS","id":"mfq_p1_10","num":10,"scoredItem":true,"value":null},{"var":"CHAOS","id":"mfq_p1_15","num":15,"scoredItem":true,"value":null},{"var":"KIDRESPECT","id":"mfq_p2_04","num":4,"scoredItem":true,"value":null},{"var":"SEXROLES","id":"mfq_p2_10","num":10,"scoredItem":true,"value":null},{"var":"SOLDIER","id":"mfq_p2_15","num":15,"scoredItem":true,"value":null}]}
	2	8e8a8d6d-f224-2095-83d4-53412e0be0e6__trial	8e8a8d6d-f224-2095-83d4-53412e0be0e6	trial	2026-01-30T07:10:26.237Z			2026-02-04T04:48:37.932Z	3				mfq30,hexaco100,svo,ipip120,d70	default	true	mfq30	foundation_sum_combined	Purity		{"part1_sum":null,"part2_sum":null,"part1_mean":null,"part2_mean":null,"items":[{"var":"DECENCY","id":"mfq_p1_05","num":5,"scoredItem":true,"value":null},{"var":"DISGUSTING","id":"mfq_p1_11","num":11,"scoredItem":true,"value":null},{"var":"GOD","id":"mfq_p1_16","num":16,"scoredItem":true,"value":null},{"var":"HARMLESSDG","id":"mfq_p2_05","num":5,"scoredItem":true,"value":null},{"var":"UNNATURAL","id":"mfq_p2_11","num":11,"scoredItem":true,"value":null},{"var":"CHASTITY","id":"mfq_p2_16","num":16,"scoredItem":true,"value":null}]}
	2	8e8a8d6d-f224-2095-83d4-53412e0be0e6__trial	8e8a8d6d-f224-2095-83d4-53412e0be0e6	trial	2026-01-30T07:10:26.237Z			2026-02-04T04:48:37.932Z	3				mfq30,hexaco100,svo,ipip120,d70	default	true	mfq30	foundation_mean_combined	Purity		{"part1_mean":null,"part2_mean":null,"part1_sum":null,"part2_sum":null,"items":[{"var":"DECENCY","id":"mfq_p1_05","num":5,"scoredItem":true,"value":null},{"var":"DISGUSTING","id":"mfq_p1_11","num":11,"scoredItem":true,"value":null},{"var":"GOD","id":"mfq_p1_16","num":16,"scoredItem":true,"value":null},{"var":"HARMLESSDG","id":"mfq_p2_05","num":5,"scoredItem":true,"value":null},{"var":"UNNATURAL","id":"mfq_p2_11","num":11,"scoredItem":true,"value":null},{"var":"CHASTITY","id":"mfq_p2_16","num":16,"scoredItem":true,"value":null}]}
	2	8e8a8d6d-f224-2095-83d4-53412e0be0e6__trial	8e8a8d6d-f224-2095-83d4-53412e0be0e6	trial	2026-01-30T07:10:26.237Z			2026-02-04T04:48:37.932Z	3				mfq30,hexaco100,svo,ipip120,d70	default	true	d70	total_sum	D70		{"mean":null,"sum":null,"nItems":70,"reverseFormula":"6 - value","reverseKeyedItems":[{"num":1,"id":"d70_001"},{"num":2,"id":"d70_002"},{"num":4,"id":"d70_004"},{"num":5,"id":"d70_005"},{"num":7,"id":"d70_007"},{"num":9,"id":"d70_009"},{"num":10,"id":"d70_010"},{"num":12,"id":"d70_012"},{"num":15,"id":"d70_015"},{"num":17,"id":"d70_017"},{"num":23,"id":"d70_023"},{"num":25,"id":"d70_025"},{"num":27,"id":"d70_027"},{"num":31,"id":"d70_031"},{"num":33,"id":"d70_033"},{"num":34,"id":"d70_034"},{"num":35,"id":"d70_035"},{"num":37,"id":"d70_037"},{"num":38,"id":"d70_038"},{"num":40,"id":"d70_040"},{"num":41,"id":"d70_041"},{"num":42,"id":"d70_042"},{"num":46,"id":"d70_046"},{"num":47,"id":"d70_047"},{"num":51,"id":"d70_051"},{"num":52,"id":"d70_052"},{"num":54,"id":"d70_054"},{"num":56,"id":"d70_056"},{"num":61,"id":"d70_061"},{"num":63,"id":"d70_063"},{"num":65,"id":"d70_065"},{"num":66,"id":"d70_066"},{"num":68,"id":"d70_068"},{"num":69,"id":"d70_069"},{"num":70,"id":"d70_070"}]}
	2	8e8a8d6d-f224-2095-83d4-53412e0be0e6__trial	8e8a8d6d-f224-2095-83d4-53412e0be0e6	trial	2026-01-30T07:10:26.237Z			2026-02-04T04:48:37.932Z	3				mfq30,hexaco100,svo,ipip120,d70	default	true	d70	total_mean	D70		{"mean":null,"sum":null,"nItems":70,"reverseFormula":"6 - value","reverseKeyedItems":[{"num":1,"id":"d70_001"},{"num":2,"id":"d70_002"},{"num":4,"id":"d70_004"},{"num":5,"id":"d70_005"},{"num":7,"id":"d70_007"},{"num":9,"id":"d70_009"},{"num":10,"id":"d70_010"},{"num":12,"id":"d70_012"},{"num":15,"id":"d70_015"},{"num":17,"id":"d70_017"},{"num":23,"id":"d70_023"},{"num":25,"id":"d70_025"},{"num":27,"id":"d70_027"},{"num":31,"id":"d70_031"},{"num":33,"id":"d70_033"},{"num":34,"id":"d70_034"},{"num":35,"id":"d70_035"},{"num":37,"id":"d70_037"},{"num":38,"id":"d70_038"},{"num":40,"id":"d70_040"},{"num":41,"id":"d70_041"},{"num":42,"id":"d70_042"},{"num":46,"id":"d70_046"},{"num":47,"id":"d70_047"},{"num":51,"id":"d70_051"},{"num":52,"id":"d70_052"},{"num":54,"id":"d70_054"},{"num":56,"id":"d70_056"},{"num":61,"id":"d70_061"},{"num":63,"id":"d70_063"},{"num":65,"id":"d70_065"},{"num":66,"id":"d70_066"},{"num":68,"id":"d70_068"},{"num":69,"id":"d70_069"},{"num":70,"id":"d70_070"}]}
	2	8e8a8d6d-f224-2095-83d4-53412e0be0e6__trial	8e8a8d6d-f224-2095-83d4-53412e0be0e6	trial	2026-01-30T07:10:26.237Z			2026-02-04T04:48:37.932Z	3				mfq30,hexaco100,svo,ipip120,d70	default	true	svo	primary_mean_you	SVO primary mean (You)		{"nItems":6,"nAnswered":0,"meanYou":null,"meanOther":null,"angleDeg":null,"category":null,"items":[]}
	2	8e8a8d6d-f224-2095-83d4-53412e0be0e6__trial	8e8a8d6d-f224-2095-83d4-53412e0be0e6	trial	2026-01-30T07:10:26.237Z			2026-02-04T04:48:37.932Z	3				mfq30,hexaco100,svo,ipip120,d70	default	true	svo	primary_mean_other	SVO primary mean (Other)		{"nItems":6,"nAnswered":0,"meanYou":null,"meanOther":null,"angleDeg":null,"category":null,"items":[]}
	2	8e8a8d6d-f224-2095-83d4-53412e0be0e6__trial	8e8a8d6d-f224-2095-83d4-53412e0be0e6	trial	2026-01-30T07:10:26.237Z			2026-02-04T04:48:37.932Z	3				mfq30,hexaco100,svo,ipip120,d70	default	true	svo	angle_deg	SVO angle (degrees)		{"nItems":6,"nAnswered":0,"meanYou":null,"meanOther":null,"angleDeg":null,"category":null,"items":[]}
	2	8e8a8d6d-f224-2095-83d4-53412e0be0e6__trial	8e8a8d6d-f224-2095-83d4-53412e0be0e6	trial	2026-01-30T07:10:26.237Z			2026-02-04T04:48:37.932Z	3				mfq30,hexaco100,svo,ipip120,d70	default	true	svo	category	SVO category		{"nItems":6,"nAnswered":0,"meanYou":null,"meanOther":null,"angleDeg":null,"category":null,"items":[]}
	2	8e8a8d6d-f224-2095-83d4-53412e0be0e6__trial	8e8a8d6d-f224-2095-83d4-53412e0be0e6	trial	2026-01-30T07:10:26.237Z			2026-02-04T04:48:37.932Z	3				mfq30,hexaco100,svo,ipip120,d70	default	true	svo	qc_written_mismatch	SVO written mismatch count	0	{"nItems":15,"nChosen":0,"nWrittenComplete":0,"nWrittenMatches":0,"nWrittenMismatch":0,"items":[{"id":"svo_01","num":1,"choiceIndex":null,"expectedYou":null,"expectedOther":null,"writtenYou":null,"writtenOther":null,"writtenMatchesExpected":false},{"id":"svo_02","num":2,"choiceIndex":null,"expectedYou":null,"expectedOther":null,"writtenYou":null,"writtenOther":null,"writtenMatchesExpected":false},{"id":"svo_03","num":3,"choiceIndex":null,"expectedYou":null,"expectedOther":null,"writtenYou":null,"writtenOther":null,"writtenMatchesExpected":false},{"id":"svo_04","num":4,"choiceIndex":null,"expectedYou":null,"expectedOther":null,"writtenYou":null,"writtenOther":null,"writtenMatchesExpected":false},{"id":"svo_05","num":5,"choiceIndex":null,"expectedYou":null,"expectedOther":null,"writtenYou":null,"writtenOther":null,"writtenMatchesExpected":false},{"id":"svo_06","num":6,"choiceIndex":null,"expectedYou":null,"expectedOther":null,"writtenYou":null,"writtenOther":null,"writtenMatchesExpected":false},{"id":"svo_07","num":7,"choiceIndex":null,"expectedYou":null,"expectedOther":null,"writtenYou":null,"writtenOther":null,"writtenMatchesExpected":false},{"id":"svo_08","num":8,"choiceIndex":null,"expectedYou":null,"expectedOther":null,"writtenYou":null,"writtenOther":null,"writtenMatchesExpected":false},{"id":"svo_09","num":9,"choiceIndex":null,"expectedYou":null,"expectedOther":null,"writtenYou":null,"writtenOther":null,"writtenMatchesExpected":false},{"id":"svo_10","num":10,"choiceIndex":null,"expectedYou":null,"expectedOther":null,"writtenYou":null,"writtenOther":null,"writtenMatchesExpected":false},{"id":"svo_11","num":11,"choiceIndex":null,"expectedYou":null,"expectedOther":null,"writtenYou":null,"writtenOther":null,"writtenMatchesExpected":false},{"id":"svo_12","num":12,"choiceIndex":null,"expectedYou":null,"expectedOther":null,"writtenYou":null,"writtenOther":null,"writtenMatchesExpected":false},{"id":"svo_13","num":13,"choiceIndex":null,"expectedYou":null,"expectedOther":null,"writtenYou":null,"writtenOther":null,"writtenMatchesExpected":false},{"id":"svo_14","num":14,"choiceIndex":null,"expectedYou":null,"expectedOther":null,"writtenYou":null,"writtenOther":null,"writtenMatchesExpected":false},{"id":"svo_15","num":15,"choiceIndex":null,"expectedYou":null,"expectedOther":null,"writtenYou":null,"writtenOther":null,"writtenMatchesExpected":false}]}
